2015-10-30,4,1,-4.0,194.0,U,95.0,99.0
2015-10-29,1,20,4.5,199.0,O,101.75,97.25
2015-10-27,9,1,-7.0,196.5,O,94.75,101.75
2015-11-30,21,1,3.0,213.5,U,108.25,105.25
2015-11-28,1,27,-7.0,193.0,O,93.0,100.0
2015-11-27,1,15,-2.5,197.0,O,97.25,99.75
2015-11-25,1,18,3.0,206.5,U,104.75,101.75
2015-11-24,3,1,-2.5,205.0,O,101.25,103.75
2015-11-21,1,6,-5.5,198.5,O,96.5,102.0
2015-11-18,26,1,-2.5,208.5,U,103.0,105.5
2015-11-17,1,2,4.5,198.0,U,101.25,96.75
2015-11-15,29,1,-3.0,191.5,O,94.25,97.25
2015-11-13,1,3,1.5,206.5,U,104.0,102.5
2015-11-11,19,1,-13.0,208.5,U,97.75,110.75
2015-11-09,18,1,-8.5,204.5,O,98.0,106.5
2015-11-07,30,1,-5.0,205.5,O,100.25,105.25
2015-11-06,1,19,2.5,206.0,O,104.25,101.75
2015-11-04,2,1,-7.0,197.5,U,95.25,102.25
2015-11-03,1,16,-3.5,197.0,U,96.75,100.25
2015-11-01,1,4,2.0,195.0,U,98.5,96.5
2015-12-29,1,11,-3.5,208.0,O,102.25,105.75
2015-12-28,1,12,-1.5,205.0,U,101.75,103.25
2015-12-26,20,1,-7.5,203.0,O,97.75,105.25
2015-12-23,9,1,-7.0,200.0,O,96.5,103.5
2015-12-21,25,1,-11.0,195.5,O,92.25,103.25
2015-12-20,1,22,1.5,201.5,O,101.5,100.0
2015-12-18,1,3,-3.5,206.5,O,101.5,105.0
2015-12-16,23,1,-13.5,199.0,O,92.75,106.25
2015-12-14,16,1,-6.0,192.5,U,93.25,99.25
2015-12-12,27,1,3.0,190.5,U,96.75,93.75
2015-12-10,1,21,-7.5,210.5,U,101.5,109.0
2015-12-09,1,7,1.5,202.0,U,101.75,100.25
2015-12-04,14,1,-11.0,206.5,U,97.75,108.75
2015-12-02,28,1,-4.0,196.5,U,96.25,100.25
2016-01-31,1,16,3.0,197.5,U,100.25,97.25
2016-01-28,1,12,-3.0,203.0,P,100.0,103.0
2016-01-27,13,1,-5.5,206.0,U,100.25,105.75
2016-01-25,1,8,4.0,208.0,O,106.0,102.0
2016-01-23,1,24,10.5,203.5,U,107.0,96.5
2016-01-21,1,26,1.0,216.5,U,108.75,107.75
2016-01-20,1,25,1.0,211.5,U,106.25,105.25
2016-01-18,22,1,-8.0,198.0,U,95.0,103.0
2016-01-16,2,1,-10.0,207.0,U,98.5,108.5
2016-01-15,1,17,4.5,206.5,O,105.5,101.0
2016-01-13,1,4,2.5,206.5,U,104.5,102.0
2016-01-09,5,1,-2.5,208.5,O,103.0,105.5
2016-01-07,1,23,9.5,208.0,O,108.75,99.25
2016-01-05,20,1,-7.5,202.5,O,97.5,105.0
2016-01-03,1,20,4.5,200.5,O,102.5,98.0
2016-02-28,4,1,-4.5,202.0,U,98.75,103.25
2016-02-26,5,1,-7.5,208.5,U,100.5,108.0
2016-02-22,10,1,6.0,226.5,U,116.25,110.25
2016-02-20,17,1,-8.0,207.0,O,99.5,107.5
2016-02-19,16,1,-10.0,197.0,O,93.5,103.5
2016-02-10,1,5,4.0,205.5,U,104.75,100.75
2016-02-08,22,1,-8.5,202.5,O,97.0,105.5
2016-02-07,1,22,3.5,202.5,U,103.0,99.5
2016-02-05,12,1,-5.5,208.5,U,101.5,107.0
2016-02-03,1,23,7.5,208.5,O,108.0,100.5
2016-02-01,7,1,-6.0,199.0,O,96.5,102.5
2016-03-30,1,28,-1.0,201.5,O,100.25,101.25
2016-03-28,1,5,3.5,206.5,U,105.0,101.5
2016-03-26,1,9,-1.5,207.0,P,102.75,104.25
2016-03-25,17,1,-8.5,201.5,U,96.5,105.0
2016-03-23,1,30,-1.0,207.5,O,103.25,104.25
2016-03-21,30,1,-7.0,208.5,O,100.75,107.75
2016-03-19,11,1,-7.0,215.0,U,104.0,111.0
2016-03-17,8,1,-8.0,210.0,O,101.0,109.0
2016-03-16,1,9,1.0,199.5,O,100.25,99.25
2016-03-13,12,1,-5.5,198.0,U,96.25,101.75
2016-03-12,15,1,-14.0,193.5,U,89.75,103.75
2016-03-10,1,28,-3.5,201.0,U,98.75,102.25
2016-03-08,1,29,-2.5,192.5,U,95.0,97.5
2016-03-05,1,13,-5.5,201.0,O,97.75,103.25
2016-03-04,1,14,11.0,203.5,U,107.25,96.25
2016-03-01,1,10,-5.5,213.5,O,104.0,109.5
2016-04-13,1,30,9.0,210.0,U,109.5,100.5
2016-04-11,1,6,-6.0,205.0,U,99.5,105.5
2016-04-09,3,1,-5.0,207.0,O,101.0,106.0
2016-04-07,28,1,-5.0,200.0,U,97.5,102.5
2016-04-05,24,1,-15.0,206.0,U,95.5,110.5
2016-04-01,6,1,-2.5,206.0,O,101.75,104.25
2015-10-30,28,3,-2.0,200.0,O,99.0,101.0
2015-10-28,23,3,-12.5,198.0,O,92.75,105.25
2015-11-30,3,16,-4.0,192.5,O,94.25,98.25
2015-11-29,3,22,2.0,201.5,U,101.75,99.75
2015-11-27,30,3,-3.0,211.0,U,104.0,107.0
2015-11-25,23,3,-12.0,201.5,U,94.75,106.75
2015-11-22,3,2,6.0,200.5,O,103.25,97.25
2015-11-20,2,3,-9.0,204.0,O,97.5,106.5
2015-11-18,7,3,-5.0,207.5,O,101.25,106.25
2015-11-16,3,11,-5.0,207.0,U,101.0,106.0
2015-11-15,3,21,-5.0,211.5,U,103.25,108.25
2015-11-11,12,3,-3.5,202.5,U,99.5,103.0
2015-11-10,3,17,2.0,202.5,U,102.25,100.25
2015-11-06,30,3,-1.5,210.0,O,104.25,105.75
2015-11-04,3,12,2.0,207.0,U,104.5,102.5
2015-11-01,27,3,5.5,202.5,U,104.0,98.5
2015-12-30,14,3,-13.5,206.5,O,96.5,110.0
2015-12-27,20,3,-8.5,203.0,U,97.25,105.75
2015-12-26,3,9,1.5,204.0,U,102.75,101.25
2015-12-23,3,4,-1.5,204.5,U,101.5,103.0
2015-12-21,18,3,-7.5,210.0,O,101.25,108.75
2015-12-16,3,9,-2.5,198.5,O,98.0,100.5
2015-12-15,6,3,1.5,202.5,U,102.0,100.5
2015-12-12,3,4,-3.0,202.5,U,99.75,102.75
2015-12-11,10,3,5.0,214.0,O,109.5,104.5
2015-12-09,5,3,-3.5,200.5,O,98.5,102.0
2015-12-07,3,19,1.5,211.0,U,106.25,104.75
2015-12-05,3,27,-8.5,192.0,O,91.75,100.25
2015-12-03,3,26,2.0,215.0,U,108.5,106.5
2016-01-31,3,22,4.0,203.5,O,103.75,99.75
2016-01-29,22,3,-8.0,206.0,O,99.0,107.0
2016-01-27,8,3,-9.5,214.0,P,102.25,111.75
2016-01-25,3,30,-2.5,213.5,U,105.5,108.0
2016-01-24,3,23,8.0,206.0,U,107.0,99.0
2016-01-22,5,3,-3.5,208.5,O,102.5,106.0
2016-01-20,3,28,-3.5,201.5,O,99.0,102.5
2016-01-18,3,7,2.0,202.5,O,102.25,100.25
2016-01-16,3,30,2.0,211.0,O,106.5,104.5
2016-01-15,24,3,-9.0,209.5,O,100.25,109.25
2016-01-13,12,3,-3.5,204.5,U,100.5,104.0
2016-01-12,3,20,1.0,200.5,O,100.75,99.75
2016-01-10,3,15,3.0,192.0,O,97.5,94.5
2016-01-07,3,5,-6.0,204.5,U,99.25,105.25
2016-01-06,9,3,-3.0,202.0,U,99.5,102.5
2016-01-04,3,2,7.5,201.5,U,104.5,97.0
2016-01-02,2,3,-9.5,203.5,U,97.0,106.5
2016-02-29,29,3,-4.5,205.0,U,100.25,104.75
2016-02-27,16,3,-6.0,209.5,U,101.75,107.75
2016-02-25,17,3,-7.5,215.0,O,103.75,111.25
2016-02-22,3,18,4.5,218.5,O,111.5,107.0
2016-02-21,3,8,3.5,213.5,O,108.5,105.0
2016-02-19,3,29,-1.0,195.5,O,97.25,98.25
2016-02-10,13,3,-2.0,212.0,O,105.0,107.0
2016-02-09,3,17,4.0,208.5,O,106.25,102.25
2016-02-07,26,3,-7.5,216.5,O,104.5,112.0
2016-02-05,3,6,-6.5,210.5,U,102.0,108.5
2016-02-03,9,3,-4.0,209.5,U,102.75,106.75
2016-02-02,3,20,4.5,208.5,U,106.5,102.0
2016-03-31,3,25,-2.5,213.0,O,105.25,107.75
2016-03-28,3,13,-4.0,207.5,U,101.75,105.75
2016-03-26,3,24,9.0,217.0,U,113.0,104.0
2016-03-23,28,3,-3.5,205.5,U,101.0,104.5
2016-03-21,22,3,-9.0,217.5,U,104.25,113.25
2016-03-20,3,23,12.0,214.0,O,113.0,101.0
2016-03-18,3,28,-1.5,208.5,U,103.5,105.0
2016-03-16,21,3,5.0,220.0,O,112.5,107.5
2016-03-15,3,12,-2.5,210.0,U,103.75,106.25
2016-03-11,11,3,-4.5,224.5,U,110.0,114.5
2016-03-09,15,3,-11.5,210.5,O,99.5,111.0
2016-03-05,3,6,-8.0,210.0,O,101.0,109.0
2016-03-04,20,3,-10.0,210.0,U,100.0,110.0
2016-03-02,25,3,-6.0,219.5,U,106.75,112.75
2016-04-13,16,3,-4.5,205.5,U,100.5,105.0
2016-04-11,4,3,-7.0,210.0,O,101.5,108.5
2016-04-08,17,3,-11.0,204.0,O,96.5,107.5
2016-04-06,19,3,-14.5,208.5,U,97.0,111.5
2016-04-03,3,14,9.0,210.0,U,109.5,100.5
2016-04-01,3,10,-11.5,221.0,U,104.75,116.25
2015-10-31,2,15,-12.0,192.5,U,90.25,102.25
2015-10-30,2,27,-14.0,201.5,U,93.75,107.75
2015-10-28,5,2,5.0,196.5,O,100.75,95.75
2015-11-29,9,2,5.0,193.0,U,99.0,94.0
2015-11-28,2,6,-9.0,200.5,U,95.75,104.75
2015-11-25,2,21,-12.0,209.5,U,98.75,110.75
2015-11-18,2,4,-6.5,194.0,O,93.75,100.25
2015-11-14,2,10,-16.5,207.5,U,95.5,112.0
2015-11-13,2,26,-6.5,204.0,O,98.75,105.25
2015-11-11,2,11,-11.0,208.0,U,98.5,109.5
2015-11-07,2,17,-6.5,192.5,U,93.0,99.5
2015-11-06,14,2,-3.0,207.5,U,102.25,105.25
2015-11-02,17,2,1.5,194.0,O,97.75,96.25
2015-12-30,2,22,-7.5,199.0,U,95.75,103.25
2015-12-28,2,16,-7.5,195.0,O,93.75,101.25
2015-12-26,30,2,3.0,205.0,O,104.0,101.0
2015-12-23,7,2,3.5,199.0,O,101.25,97.75
2015-12-21,2,5,-10.5,197.0,O,93.25,103.75
2015-12-20,18,2,1.5,202.5,U,102.0,100.5
2015-12-18,2,12,-10.5,207.0,U,98.25,108.75
2015-12-16,16,2,5.5,191.5,O,98.5,93.0
2015-12-14,22,2,3.5,197.5,U,100.5,97.0
2015-12-12,13,2,7.0,206.0,U,106.5,99.5
2015-12-10,23,2,-6.5,198.5,U,96.0,102.5
2015-12-08,11,2,5.0,207.0,O,106.0,101.0
2015-12-06,10,2,11.5,209.5,O,110.5,99.0
2015-12-04,2,20,-3.5,193.0,O,94.75,98.25
2015-12-01,24,2,4.0,208.0,U,106.0,102.0
2016-01-30,2,19,-8.5,204.5,O,98.0,106.5
2016-01-29,2,7,-8.0,199.5,U,95.75,103.75
2016-01-26,16,2,3.5,192.0,O,97.75,94.25
2016-01-24,21,2,13.0,209.0,O,111.0,98.0
2016-01-22,29,2,5.5,188.5,O,97.0,91.5
2016-01-20,6,2,13.0,197.5,U,105.25,92.25
2016-01-18,2,28,-11.0,195.0,O,92.0,103.0
2016-01-15,25,2,4.0,204.5,O,104.25,100.25
2016-01-13,20,2,3.5,191.0,O,97.25,93.75
2016-01-11,27,2,14.5,195.0,U,104.75,90.25
2016-01-09,2,9,-11.0,194.5,U,91.75,102.75
2016-01-08,22,2,3.0,191.5,U,97.25,94.25
2016-01-06,28,2,7.0,195.0,U,101.0,94.0
2016-02-29,2,13,-12.0,212.5,U,100.25,112.25
2016-02-27,2,29,-11.5,198.5,U,93.5,105.0
2016-02-25,2,24,-1.5,208.0,O,103.25,104.75
2016-02-23,2,25,-11.5,212.0,O,100.25,111.75
2016-02-21,4,2,7.0,204.0,U,105.5,98.5
2016-02-19,20,2,5.0,199.0,O,102.0,97.0
2016-02-10,15,2,4.0,198.0,O,101.0,97.0
2016-02-08,8,2,2.5,206.0,O,104.25,101.75
2016-02-06,2,23,0.0,205.5,U,102.75,102.75
2016-02-05,26,2,5.5,214.0,O,109.75,104.25
2016-02-03,12,2,6.5,199.0,O,102.75,96.25
2016-02-01,9,2,7.0,202.5,O,104.75,97.75
2016-03-31,2,6,-17.0,212.0,U,97.5,114.5
2016-03-29,2,22,-8.0,211.5,O,101.75,109.75
2016-03-28,2,16,-8.5,213.0,U,102.25,110.75
2016-03-26,12,2,6.0,205.0,O,105.5,99.5
2016-03-24,6,2,9.5,209.5,U,109.5,100.0
2016-03-22,4,2,6.0,207.0,U,106.5,100.5
2016-03-19,2,9,-8.0,211.5,O,101.75,109.75
2016-03-17,2,5,-7.0,213.0,O,103.0,110.0
2016-03-15,23,2,-7.0,212.0,O,102.5,109.5
2016-03-13,17,2,1.5,208.5,O,105.0,103.5
2016-03-11,2,23,2.0,209.0,U,105.5,103.5
2016-03-08,2,28,-13.0,207.5,U,97.25,110.25
2016-03-05,2,18,-9.5,211.0,O,100.75,110.25
2016-03-04,2,8,-5.5,209.0,O,101.75,107.25
2016-03-01,2,14,-1.0,212.0,U,105.5,106.5
2016-04-13,28,2,5.5,206.5,U,106.0,100.5
2016-04-11,30,2,6.5,213.5,O,110.0,103.5
2016-04-10,2,12,-13.5,204.0,O,95.25,108.75
2016-04-08,2,4,-14.5,208.5,O,97.0,111.5
2016-04-06,2,30,-11.5,208.5,O,98.5,110.0
2016-04-03,19,2,-2.5,200.5,U,99.0,101.5
2016-04-01,2,20,-6.0,201.0,U,97.5,103.5
2015-10-28,4,16,-6.0,194.0,O,94.0,100.0
2015-11-29,17,4,-6.5,201.0,U,97.25,103.75
2015-11-27,6,4,4.0,204.0,U,104.0,100.0
2015-11-25,30,4,-3.5,209.0,U,102.75,106.25
2015-11-23,26,4,-3.5,211.0,O,103.75,107.25
2015-11-20,23,4,-11.0,198.0,O,93.5,104.5
2015-11-17,4,20,-1.0,196.0,P,97.5,98.5
2015-11-15,25,4,-5.0,205.5,U,100.25,105.25
2015-11-13,4,5,-6.5,200.0,U,96.75,103.25
2015-11-11,20,4,-6.5,200.5,U,97.0,103.5
2015-11-10,4,18,3.5,202.0,U,102.75,99.25
2015-11-07,4,27,-9.5,193.5,O,92.0,101.5
2015-11-05,4,7,-4.0,200.5,O,98.25,102.25
2015-11-03,5,4,4.0,194.0,O,99.0,95.0
2015-12-30,13,4,2.5,201.0,O,101.75,99.25
2015-12-28,14,4,-12.0,203.5,O,95.75,107.75
2015-12-26,15,4,-2.5,192.5,U,95.0,97.5
2015-12-21,4,11,-3.5,208.0,U,102.25,105.75
2015-12-19,4,30,1.5,206.0,O,103.75,102.25
2015-12-17,28,4,3.0,194.0,O,98.5,95.5
2015-12-16,4,22,1.0,198.0,O,99.5,98.5
2015-12-11,4,15,-3.0,192.5,O,94.75,97.75
2015-12-09,16,4,1.0,192.0,U,96.5,95.5
2015-12-07,9,4,-2.5,197.5,U,97.5,100.0
2015-12-05,4,5,-5.5,195.5,O,95.0,100.5
2015-12-02,10,4,9.0,207.5,O,108.25,99.25
2016-01-31,4,14,4.0,201.0,U,102.5,98.5
2016-01-29,4,25,-6.0,206.5,U,100.25,106.25
2016-01-27,4,29,-6.5,193.0,U,93.25,99.75
2016-01-25,4,26,-8.0,214.0,O,103.0,111.0
2016-01-23,20,4,1.5,200.0,U,100.75,99.25
2016-01-22,4,22,-5.0,196.5,O,95.75,100.75
2016-01-20,4,21,-9.5,206.5,U,98.5,108.0
2016-01-18,29,4,-3.5,186.0,O,91.25,94.75
2016-01-16,17,4,-5.5,198.0,U,96.25,101.75
2016-01-15,4,19,-3.5,202.0,O,99.25,102.75
2016-01-10,4,8,1.5,198.0,U,99.75,98.25
2016-01-09,4,13,-8.5,203.0,U,97.25,105.75
2016-01-06,4,24,2.0,203.5,O,102.75,100.75
2016-01-04,4,10,-12.0,212.5,U,100.25,112.25
2016-01-02,21,4,9.0,210.0,U,109.5,100.5
2016-01-01,4,28,-6.0,196.5,O,95.25,101.25
2016-02-26,4,12,-4.0,203.0,U,99.5,103.5
2016-02-24,4,6,-8.5,207.5,O,99.5,108.0
2016-02-19,4,17,1.5,200.5,U,101.0,99.5
2016-02-10,4,12,-3.5,201.0,O,98.75,102.25
2016-02-08,5,4,-7.5,199.5,U,96.0,103.5
2016-02-06,30,4,-5.5,210.5,O,102.5,108.0
2016-02-05,16,4,-4.0,194.5,U,95.25,99.25
2016-02-03,6,4,8.0,202.0,O,105.0,97.0
2016-03-29,4,23,11.5,210.0,U,110.75,99.25
2016-03-26,4,17,3.5,201.5,O,102.5,99.0
2016-03-25,4,9,-1.5,206.0,O,102.25,103.75
2016-03-21,27,4,6.0,196.0,U,101.0,95.0
2016-03-19,8,4,-9.0,213.0,U,102.0,111.0
2016-03-17,4,16,-4.5,208.0,O,101.75,106.25
2016-03-16,22,4,-9.5,212.0,U,101.25,110.75
2016-03-14,7,4,-5.5,209.5,U,102.0,107.5
2016-03-12,11,4,-5.0,216.0,O,105.5,110.5
2016-03-11,9,4,-4.0,202.5,O,99.25,103.25
2016-03-09,19,4,-8.5,209.0,O,100.25,108.75
2016-03-07,18,4,-10.0,215.0,U,102.5,112.5
2016-03-04,12,4,-3.5,202.5,O,99.5,103.0
2016-03-02,4,23,10.0,209.0,O,109.5,99.5
2016-03-01,24,4,-12.5,209.5,O,98.5,111.0
2016-04-13,22,4,-7.5,211.0,O,101.75,109.25
2016-04-10,4,30,5.0,205.0,O,105.0,100.0
2016-04-06,4,20,4.5,196.5,O,100.5,96.0
2016-04-05,4,28,-5.0,201.0,U,98.0,103.0
2016-04-03,4,6,-6.5,202.0,O,97.75,104.25
2016-04-01,23,4,-13.5,209.5,U,98.0,111.5
2015-10-30,5,9,2.5,204.0,U,103.25,100.75
2015-10-27,6,5,-4.0,198.5,U,97.25,101.25
2015-11-30,27,5,4.5,189.0,U,96.75,92.25
2015-11-27,5,12,-3.5,199.5,U,98.0,101.5
2015-11-24,5,25,2.5,201.5,U,102.0,99.5
2015-11-20,5,10,-9.0,208.5,U,99.75,108.75
2015-11-18,5,24,-3.0,203.0,U,100.0,103.0
2015-11-16,12,5,-6.5,197.5,U,95.5,102.0
2015-11-09,5,23,10.5,198.0,O,104.25,93.75
2015-11-07,18,5,-9.5,201.5,U,96.0,105.5
2015-11-05,21,5,-1.0,211.5,U,105.25,106.25
2015-11-01,22,5,-8.0,199.0,U,95.5,103.5
2015-12-30,12,5,-3.0,201.5,O,99.25,102.25
2015-12-28,28,5,-1.5,198.0,O,98.25,99.75
2015-12-26,5,7,-2.5,200.5,O,99.0,101.5
2015-12-25,5,21,-10.0,206.0,U,98.0,108.0
2015-12-19,5,20,-2.5,194.5,O,96.0,98.5
2015-12-18,9,5,-5.0,197.0,O,96.0,101.0
2015-12-16,15,5,-4.5,194.0,U,94.75,99.25
2015-12-14,23,5,-13.5,195.0,O,90.75,104.25
2015-12-12,19,5,-7.0,202.0,U,97.5,104.5
2015-12-10,13,5,1.5,203.5,U,102.5,101.0
2015-12-07,24,5,-7.0,203.5,O,98.25,105.25
2015-12-02,8,5,-9.5,197.0,U,93.75,103.25
2016-01-31,5,13,-4.5,202.5,O,99.0,103.5
2016-01-28,5,14,8.5,199.5,O,104.0,95.5
2016-01-25,16,5,-6.5,192.0,U,92.75,99.25
2016-01-23,5,6,-10.5,202.0,U,95.75,106.25
2016-01-20,10,5,6.0,216.0,O,111.0,105.0
2016-01-18,5,9,-3.0,201.5,O,99.25,102.25
2016-01-15,7,5,-1.0,201.0,U,100.0,101.0
2016-01-14,5,23,8.5,204.5,O,106.5,98.0
2016-01-12,5,17,3.5,203.0,O,103.25,99.75
2016-01-11,30,5,-8.5,208.0,O,99.75,108.25
2016-01-05,17,5,-8.5,201.0,O,96.25,104.75
2016-01-03,5,28,-4.0,195.5,O,95.75,99.75
2016-01-01,20,5,-7.0,199.0,U,96.0,103.0
2016-02-27,25,5,4.5,209.5,U,107.0,102.5
2016-02-24,30,5,1.5,211.0,O,106.25,104.75
2016-02-21,14,5,-7.0,210.0,O,101.5,108.5
2016-02-19,28,5,7.5,200.0,O,103.75,96.25
2016-02-18,5,6,-12.5,206.5,U,97.0,109.5
2016-02-06,5,18,-3.5,205.0,O,100.75,104.25
2016-02-05,5,8,-3.0,207.0,O,102.0,105.0
2016-02-03,5,26,-4.0,212.0,U,104.0,108.0
2016-02-01,5,29,-5.5,190.5,O,92.5,98.0
2016-03-31,5,11,-6.5,217.0,U,105.25,111.75
2016-03-29,5,12,-6.0,204.5,U,99.25,105.25
2016-03-26,5,22,7.0,209.0,U,108.0,101.0
2016-03-24,5,20,3.5,205.0,U,104.25,100.75
2016-03-23,20,5,-9.5,201.5,O,96.0,105.5
2016-03-21,26,5,-8.0,219.5,U,105.75,113.75
2016-03-19,29,5,-1.0,195.0,U,97.0,98.0
2016-03-16,5,30,-5.0,213.5,U,104.25,109.25
2016-03-14,5,28,-9.5,205.5,O,98.0,107.5
2016-03-11,16,5,4.0,199.5,O,101.75,97.75
2016-03-10,5,27,-14.5,201.0,O,93.25,107.75
2016-03-07,17,5,-4.5,212.0,U,103.75,108.25
2016-03-05,11,5,-1.5,216.5,U,107.5,109.0
2016-03-02,5,22,-5.0,216.0,U,105.5,110.5
2016-03-01,5,16,-6.0,201.5,O,97.75,103.75
2016-04-13,23,5,-9.5,210.0,O,100.25,109.75
2016-04-11,5,19,5.0,204.5,O,104.75,99.75
2016-04-09,6,5,7.0,204.5,O,105.75,98.75
2016-04-07,5,16,-6.0,204.5,U,99.25,105.25
2016-04-05,5,15,3.5,200.5,U,102.0,98.5
2016-04-03,5,17,-1.5,202.5,U,100.5,102.0
2016-04-02,9,5,-3.0,206.5,U,101.75,104.75
2015-10-30,16,6,-4.5,200.5,U,98.0,102.5
2015-10-28,6,15,-5.5,189.0,U,91.75,97.25
2015-11-25,6,28,3.0,200.5,O,101.75,98.75
2015-11-23,22,6,-8.0,199.5,O,95.75,103.75
2015-11-19,17,6,-10.0,192.5,O,91.25,101.25
2015-11-17,6,9,4.5,195.0,O,99.75,95.25
2015-11-14,6,17,5.0,195.0,O,100.0,95.0
2015-11-13,6,20,7.0,203.5,U,105.25,98.25
2015-11-10,29,6,-5.5,186.5,O,90.5,96.0
2015-11-08,12,6,-8.0,196.5,O,94.25,102.25
2015-11-06,23,6,-13.5,196.0,O,91.25,104.75
2015-11-04,20,6,-10.5,205.0,U,97.25,107.75
2015-11-02,6,23,13.0,195.0,O,104.0,91.0
2015-12-29,6,8,6.0,195.0,U,100.5,94.5
2015-12-28,6,24,9.5,199.0,U,104.25,94.75
2015-12-26,6,25,7.5,195.5,U,101.5,94.0
2015-12-25,6,10,-6.5,207.5,U,100.5,107.0
2015-12-23,20,6,-12.5,195.0,U,91.25,103.75
2015-12-20,23,6,-16.5,198.0,U,90.75,107.25
2015-12-17,21,6,-2.0,203.0,O,100.5,102.5
2015-12-11,6,22,3.5,196.0,U,99.75,96.25
2015-12-08,25,6,-9.0,200.0,O,95.5,104.5
2015-12-05,6,16,-5.0,188.0,U,91.5,96.5
2015-12-04,6,19,4.5,208.5,O,106.5,102.0
2015-12-01,30,6,-8.5,205.0,U,98.25,106.75
2016-01-30,27,6,1.5,202.5,O,102.0,100.5
2016-01-29,6,9,4.0,207.5,O,105.75,101.75
2016-01-27,24,6,-18.0,210.0,U,96.0,114.0
2016-01-25,18,6,-13.5,205.0,O,95.75,109.25
2016-01-21,13,6,-6.5,202.5,O,98.0,104.5
2016-01-18,10,6,-3.5,209.5,O,103.0,106.5
2016-01-15,6,11,2.0,205.0,U,103.5,101.5
2016-01-14,6,27,-6.0,195.5,U,94.75,100.75
2016-01-12,6,7,6.0,199.5,O,102.75,96.75
2016-01-10,6,23,16.5,206.0,U,111.25,94.75
2016-01-08,6,18,10.0,195.0,O,102.5,92.5
2016-01-06,6,30,7.5,202.5,O,105.0,97.5
2016-01-04,28,6,-8.0,194.0,O,93.0,101.0
2016-01-02,22,6,-8.5,192.0,U,91.75,100.25
2016-02-29,12,6,-8.0,202.5,U,97.25,105.25
2016-02-28,6,30,2.5,205.0,O,103.75,101.25
2016-02-26,6,28,2.5,206.0,U,104.25,101.75
2016-02-22,9,6,-9.5,207.5,U,99.0,108.5
2016-02-21,6,21,-3.5,218.0,U,107.25,110.75
2016-02-10,14,6,-16.0,210.0,O,97.0,113.0
2016-02-08,26,6,-12.0,218.0,O,103.0,115.0
2016-02-06,19,6,-9.5,206.5,U,98.5,108.0
2016-02-01,6,12,5.5,208.0,O,106.75,101.25
2016-03-29,11,6,-2.0,212.0,U,105.0,107.0
2016-03-26,6,20,8.5,202.0,U,105.25,96.75
2016-03-23,17,6,-11.0,207.5,O,98.25,109.25
2016-03-21,8,6,-11.5,212.0,O,100.25,111.75
2016-03-19,6,16,4.0,205.5,O,104.75,100.75
2016-03-18,6,22,10.0,211.5,O,110.75,100.75
2016-03-16,7,6,-5.5,206.5,U,100.5,106.0
2016-03-14,6,29,6.5,193.5,U,100.0,93.5
2016-03-13,6,13,2.5,208.0,U,105.25,102.75
2016-03-10,6,14,9.5,211.0,O,110.25,100.75
2016-03-09,6,26,7.0,218.0,O,112.5,105.5
2016-03-07,15,6,-15.0,200.0,O,92.5,107.5
2016-03-04,30,6,-8.0,211.0,U,101.5,109.5
2016-04-13,9,6,-4.0,194.0,O,95.0,99.0
2016-04-06,6,12,-3.5,196.0,O,96.25,99.75
2016-04-05,6,17,9.5,203.0,U,106.25,96.75
2015-10-29,7,13,-12.0,213.0,U,100.5,112.5
2015-10-28,7,24,-6.0,204.5,O,99.25,105.25
2015-11-30,7,26,-2.0,214.5,U,106.25,108.25
2015-11-28,8,7,-8.5,205.0,U,98.25,106.75
2015-11-25,7,27,-10.0,197.5,U,93.75,103.75
2015-11-24,7,15,-3.5,196.0,O,96.25,99.75
2015-11-22,7,21,-3.5,208.5,O,102.5,106.0
2015-11-20,29,7,-1.5,196.0,U,97.25,98.75
2015-11-16,7,23,8.0,203.5,U,105.75,97.75
2015-11-14,7,11,-7.5,207.5,O,100.0,107.5
2015-11-13,14,7,-7.5,210.5,U,101.5,109.0
2015-11-11,13,7,6.5,211.5,O,109.0,102.5
2015-11-10,7,19,-2.5,211.0,O,104.25,106.75
2015-11-07,19,7,-5.0,211.5,U,103.25,108.25
2015-11-03,28,7,2.0,205.5,U,103.75,101.75
2015-11-01,7,14,4.0,212.5,U,108.25,104.25
2015-12-30,10,7,3.5,208.5,U,106.0,102.5
2015-12-28,17,7,-5.5,202.0,U,98.25,103.75
2015-12-22,7,28,-4.5,196.0,O,95.75,100.25
2015-12-18,15,7,-2.0,197.5,U,97.75,99.75
2015-12-16,7,12,-4.5,207.5,U,101.5,106.0
2015-12-14,24,7,-4.0,208.5,U,102.25,106.25
2015-12-12,30,7,-6.5,205.0,O,99.25,105.75
2015-12-07,7,20,0.0,198.5,O,99.25,99.25
2015-12-06,7,30,2.5,208.0,O,105.25,102.75
2015-12-04,11,7,-5.0,212.0,U,103.5,108.5
2015-12-01,7,25,-1.5,201.5,O,100.0,101.5
2016-01-31,24,7,-8.5,198.0,U,94.75,103.25
2016-01-27,7,10,-17.5,214.5,O,98.5,116.0
2016-01-26,7,14,6.5,201.0,U,103.75,97.25
2016-01-24,7,11,-4.0,205.0,O,100.5,104.5
2016-01-22,21,7,7.0,206.5,O,106.75,99.75
2016-01-20,18,7,-6.0,200.0,P,97.0,103.0
2016-01-17,7,27,-12.5,195.5,U,91.5,104.0
2016-01-13,7,21,-12.5,207.0,U,97.25,109.75
2016-01-10,7,18,4.5,199.0,U,101.75,97.25
2016-01-08,7,17,-1.0,204.5,U,101.75,102.75
2016-01-06,7,19,-8.0,204.5,U,98.25,106.25
2016-01-05,26,7,-7.0,213.5,O,103.25,110.25
2016-01-02,19,7,-4.0,205.5,U,100.75,104.75
2016-01-01,7,16,-2.0,196.0,U,97.0,99.0
2016-02-28,18,7,-7.5,211.0,O,101.75,109.25
2016-02-26,8,7,-6.0,208.0,O,101.0,107.0
2016-02-24,21,7,5.5,215.0,O,110.25,104.75
2016-02-21,23,7,-9.0,205.0,O,98.0,107.0
2016-02-19,7,22,-1.5,200.0,O,99.25,100.75
2016-02-09,29,7,-1.5,187.5,O,93.0,94.5
2016-02-06,7,15,-5.0,192.5,O,93.75,98.75
2016-02-05,27,7,6.5,198.0,O,102.25,95.75
2016-02-03,16,7,-2.5,194.5,U,96.0,98.5
2016-03-30,20,7,-6.0,199.5,U,96.75,102.75
2016-03-28,7,8,-1.5,211.5,U,105.0,106.5
2016-03-27,7,26,-1.5,217.5,O,108.0,109.5
2016-03-25,7,10,-16.5,220.5,O,102.0,118.5
2016-03-23,7,25,-6.5,214.0,U,103.75,110.25
2016-03-20,25,7,1.5,214.0,O,107.75,106.25
2016-03-18,10,7,9.0,227.0,O,118.0,109.0
2016-03-12,12,7,-1.0,203.0,O,101.0,102.0
2016-03-09,9,7,-1.5,206.5,U,102.5,104.0
2016-03-07,13,7,5.5,208.5,U,107.0,101.5
2016-03-06,7,8,3.5,210.0,O,106.75,103.25
2016-03-03,26,7,-6.5,223.0,U,108.25,114.75
2016-03-01,22,7,-4.5,215.0,O,105.25,109.75
2016-04-13,27,7,-5.0,187.5,U,91.25,96.25
2016-04-11,7,29,-7.0,182.5,O,87.75,94.75
2016-04-10,7,13,-6.5,195.0,U,94.25,100.75
2016-04-08,15,7,-6.5,192.5,O,93.0,99.5
2016-04-06,11,7,1.5,206.5,U,104.0,102.5
2016-04-03,7,18,3.0,205.0,U,104.0,101.0
2016-04-01,7,9,-5.5,205.0,U,99.75,105.25
2015-10-30,18,8,-3.5,204.0,U,100.25,103.75
2015-10-28,8,11,-10.5,212.0,U,100.75,111.25
2015-11-30,8,17,-3.5,199.0,U,97.75,101.25
2015-11-27,27,8,7.5,195.0,U,101.25,93.75
2015-11-24,13,8,7.0,204.5,O,105.75,98.75
2015-11-22,10,8,13.0,210.0,O,111.5,98.5
2015-11-20,24,8,3.0,206.5,O,104.75,101.75
2015-11-18,8,27,-13.5,198.0,O,92.25,105.75
2015-11-17,8,19,-6.0,206.5,O,100.25,106.25
2015-11-14,8,24,-7.5,205.0,U,98.75,106.25
2015-11-13,11,8,6.5,210.5,U,108.5,102.0
2015-11-11,17,8,-3.5,194.5,O,95.5,99.0
2015-11-09,25,8,1.0,206.0,O,103.5,102.5
2015-11-06,8,10,-17.5,211.0,O,96.75,114.25
2015-11-05,29,8,3.0,190.5,U,96.75,93.75
2015-11-03,8,14,-2.5,203.5,O,100.5,103.0
2015-11-01,8,21,-12.5,213.0,U,100.25,112.75
2015-12-30,8,25,-6.5,201.5,O,97.5,104.0
2015-12-27,8,21,-16.5,207.0,O,95.25,111.75
2015-12-26,8,27,-14.5,194.5,U,90.0,104.5
2015-12-23,8,24,-9.0,208.0,U,99.5,108.5
2015-12-22,14,8,-5.0,204.5,O,99.75,104.75
2015-12-20,19,8,-1.0,204.5,O,101.75,102.75
2015-12-18,8,29,-5.5,194.0,U,94.25,99.75
2015-12-15,8,18,-6.5,202.5,O,98.0,104.5
2015-12-14,11,8,4.5,209.5,O,107.0,102.5
2015-12-11,18,8,-1.0,202.0,O,100.5,101.5
2015-12-08,22,8,4.0,199.0,U,101.5,97.5
2015-12-05,8,23,3.0,193.5,O,98.25,95.25
2015-12-03,8,28,-10.0,191.0,O,90.5,100.5
2016-01-30,8,12,-9.0,208.5,O,99.75,108.75
2016-01-28,8,30,-7.5,212.0,O,102.25,109.75
2016-01-23,9,8,4.5,205.5,U,105.0,100.5
2016-01-21,15,8,2.5,195.5,O,99.0,96.5
2016-01-19,21,8,9.0,213.0,O,111.0,102.0
2016-01-17,12,8,2.5,200.0,O,101.25,98.75
2016-01-15,16,8,2.0,189.5,O,95.75,93.75
2016-01-13,10,8,9.5,215.5,O,112.5,103.0
2016-01-08,8,15,-5.5,189.0,U,91.75,97.25
2016-01-06,8,18,-3.5,201.5,U,99.0,102.5
2016-01-03,25,8,2.0,203.5,O,102.75,100.75
2016-01-02,8,10,-15.0,216.0,O,100.5,115.5
2016-02-29,15,8,1.0,204.0,U,102.5,101.5
2016-02-24,8,13,-11.0,213.5,U,101.25,112.25
2016-02-23,26,8,-2.5,222.5,O,110.0,112.5
2016-02-19,8,26,-3.5,218.5,O,107.5,111.0
2016-02-10,8,9,-4.0,207.0,U,101.5,105.5
2016-02-07,8,20,-4.0,201.5,U,98.75,102.75
2016-02-03,8,29,-8.0,195.0,U,93.5,101.5
2016-02-01,28,8,5.0,205.0,P,105.0,100.0
2016-03-31,8,19,7.0,206.5,U,106.75,99.75
2016-03-30,8,15,-2.5,204.5,O,101.0,103.5
2016-03-27,8,13,-8.5,208.5,U,100.0,108.5
2016-03-25,8,14,4.0,213.5,O,108.75,104.75
2016-03-23,23,8,-8.5,214.0,U,102.75,111.25
2016-03-15,8,22,-3.5,215.0,O,105.75,109.25
2016-03-14,8,16,-7.0,209.0,O,101.0,108.0
2016-03-12,30,8,-1.5,212.5,O,105.5,107.0
2016-03-10,24,8,-9.5,215.0,U,102.75,112.25
2016-03-08,20,8,0.0,206.0,U,103.0,103.0
2016-03-02,14,8,-8.5,212.5,O,102.0,110.5
2016-04-13,8,25,-10.0,217.0,U,103.5,113.5
2016-04-10,29,8,6.5,191.5,U,99.0,92.5
2016-04-08,27,8,-1.5,198.5,O,98.5,100.0
2016-04-05,21,8,9.0,217.0,O,113.0,104.0
2016-04-02,26,8,-9.5,218.0,O,104.25,113.75
2015-10-28,29,9,0.0,191.5,U,95.75,95.75
2015-11-30,11,9,-4.5,198.0,O,96.75,101.25
2015-11-27,9,21,-8.0,209.0,U,100.5,108.5
2015-11-25,16,9,-1.5,189.5,U,94.0,95.5
2015-11-23,9,17,3.0,190.5,O,96.75,93.75
2015-11-21,30,9,0.0,206.0,U,103.0,103.0
2015-11-20,9,18,2.5,202.5,U,102.5,100.0
2015-11-15,9,14,5.0,200.5,U,102.75,97.75
2015-11-14,9,13,-2.5,196.5,O,97.0,99.5
2015-11-11,9,26,2.0,205.5,U,103.75,101.75
2015-11-09,9,10,-12.5,208.5,U,98.0,110.5
2015-11-08,9,25,-1.5,199.5,O,99.0,100.5
2015-11-06,9,24,-4.0,198.5,U,97.25,101.25
2015-11-03,12,9,-4.5,200.5,U,98.0,102.5
2015-12-31,18,9,-8.0,201.5,O,96.75,104.75
2015-12-29,9,20,1.5,198.5,O,100.0,98.5
2015-12-22,9,16,-2.5,195.0,U,96.25,98.75
2015-12-14,13,9,2.0,204.5,O,103.25,101.25
2015-12-12,12,9,-1.5,204.0,O,101.25,102.75
2015-12-11,9,23,9.0,192.5,O,100.75,91.75
2015-12-09,15,9,-4.5,193.5,U,94.5,99.0
2015-12-06,14,9,-9.5,199.5,O,95.0,104.5
2015-12-04,17,9,-6.5,192.0,O,92.75,99.25
2015-12-02,24,9,-3.5,203.0,O,99.75,103.25
2016-01-30,9,28,-7.5,204.5,O,98.5,106.0
2016-01-27,23,9,-12.0,207.0,P,97.5,109.5
2016-01-25,9,29,-2.5,192.5,U,95.0,97.5
2016-01-21,9,19,-2.5,206.0,O,101.75,104.25
2016-01-20,9,11,-3.0,209.5,O,103.25,106.25
2016-01-16,10,9,7.0,216.5,U,111.75,104.75
2016-01-14,9,15,1.0,192.0,O,96.5,95.5
2016-01-12,27,9,7.0,196.0,O,101.5,94.5
2016-01-04,22,9,-4.5,198.0,O,96.75,101.25
2016-01-02,9,12,-4.5,204.5,U,100.0,104.5
2016-02-28,28,9,-1.5,199.0,O,98.75,100.25
2016-02-27,9,17,-1.0,202.0,U,100.5,101.5
2016-02-24,23,9,-11.5,209.5,U,99.0,110.5
2016-02-21,19,9,-5.0,206.5,O,100.75,105.75
2016-02-19,9,30,-2.0,209.0,U,103.5,105.5
2016-02-08,28,9,2.0,206.0,U,104.0,102.0
2016-02-06,9,12,-4.5,203.5,O,99.5,104.0
2016-02-04,20,9,-4.5,200.5,O,98.0,102.5
2016-03-29,21,9,-1.5,214.0,U,106.25,107.75
2016-03-23,22,9,-6.0,204.5,O,99.25,105.25
2016-03-21,17,9,-7.5,206.5,U,99.5,107.0
2016-03-18,26,9,-7.0,218.5,O,105.75,112.75
2016-03-14,9,30,-2.0,210.5,U,104.25,106.25
2016-03-12,9,23,11.0,205.5,O,108.25,97.25
2016-03-06,25,9,1.5,207.5,O,104.5,103.0
2016-03-05,9,20,7.0,201.0,U,104.0,97.0
2016-03-02,9,27,-11.0,201.0,U,95.0,106.0
2016-04-12,16,9,1.5,199.5,U,100.5,99.0
2016-04-08,30,9,-6.0,203.5,O,98.75,104.75
2016-04-06,9,22,-3.0,208.5,O,102.75,105.75
2016-04-05,9,16,-4.5,202.0,U,98.75,103.25
2015-10-31,10,19,5.5,211.5,O,108.5,103.0
2015-10-30,10,11,1.0,216.5,U,108.75,107.75
2015-10-27,19,10,-10.5,215.5,U,102.5,113.0
2015-11-30,10,29,7.5,202.0,O,104.75,97.25
2015-11-28,26,10,-16.5,220.0,O,101.75,118.25
2015-11-27,10,24,8.0,217.5,O,112.75,104.75
2015-11-24,14,10,-17.0,215.0,U,99.0,116.0
2015-11-19,10,13,5.5,213.5,O,109.5,104.0
2015-11-17,28,10,-9.5,209.0,O,99.75,109.25
2015-11-12,10,18,10.5,211.5,O,111.0,100.5
2015-11-11,10,15,7.0,200.0,U,103.5,96.5
2015-11-07,10,26,14.0,220.5,U,117.25,103.25
2015-11-04,13,10,-7.5,217.5,O,105.0,112.5
2015-11-02,15,10,-9.0,204.5,U,97.75,106.75
2015-12-31,10,11,-3.5,211.0,O,103.75,107.25
2015-12-28,26,10,-14.0,220.0,O,103.0,117.0
2015-12-23,29,10,-14.0,207.5,U,96.75,110.75
2015-12-18,17,10,-19.0,210.5,O,95.75,114.75
2015-12-16,24,10,-12.0,219.5,O,103.75,115.75
2015-12-12,10,17,9.5,206.0,U,107.75,98.25
2015-12-08,10,12,6.0,215.0,O,110.5,104.5
2015-12-05,10,28,7.5,210.5,O,109.0,101.5
2016-01-31,10,20,11.0,218.0,U,114.5,103.5
2016-01-30,10,23,17.0,218.0,U,117.5,100.5
2016-01-25,27,10,-4.5,211.5,U,103.5,108.0
2016-01-22,12,10,-12.5,216.5,O,102.0,114.5
2016-01-14,14,10,-18.5,216.0,U,98.75,117.25
2016-01-11,16,10,-14.5,209.5,O,97.5,112.0
2016-01-09,10,26,9.0,225.0,O,117.0,108.0
2016-01-08,10,25,9.0,215.0,O,112.0,103.0
2016-01-05,10,14,13.5,211.5,U,112.5,99.0
2016-02-27,10,21,3.0,233.5,O,118.25,115.25
2016-02-25,10,22,8.0,223.5,O,115.75,107.75
2016-02-24,10,16,9.0,218.5,O,113.75,104.75
2016-02-20,10,13,4.0,228.5,U,116.25,112.25
2016-02-19,10,25,8.0,225.0,O,116.5,108.5
2016-02-10,10,24,16.0,219.5,U,117.75,101.75
2016-02-09,11,10,-14.0,229.0,O,107.5,121.5
2016-02-06,21,10,-7.5,233.5,U,113.0,120.5
2016-02-03,10,30,10.0,227.0,O,118.5,108.5
2016-03-30,10,29,4.5,203.5,U,104.0,99.5
2016-03-29,30,10,-12.5,226.0,U,106.75,119.25
2016-03-27,23,10,-22.0,225.0,U,101.5,123.5
2016-03-23,13,10,-10.5,223.0,U,106.25,116.75
2016-03-21,10,18,12.5,232.5,U,122.5,110.0
2016-03-19,10,27,-4.5,220.5,U,108.0,112.5
2016-03-16,20,10,-15.0,220.0,U,102.5,117.5
2016-03-14,19,10,-16.0,231.5,O,107.75,123.75
2016-03-12,24,10,-18.5,228.0,O,104.75,123.25
2016-03-11,25,10,-14.0,228.0,O,107.0,121.0
2016-03-09,29,10,-14.0,209.0,P,97.5,111.5
2016-03-07,22,10,-16.0,225.0,O,104.5,120.5
2016-03-06,10,14,17.5,222.0,U,119.75,102.25
2016-03-03,21,10,-7.5,230.5,U,111.5,119.0
2016-04-13,15,10,-17.5,212.5,O,97.5,115.0
2016-04-10,10,27,-3.5,206.0,U,101.25,104.75
2016-04-09,10,15,13.0,213.5,U,113.25,100.25
2016-04-07,27,10,-6.0,208.5,O,101.25,107.25
2016-04-05,18,10,-14.5,226.0,O,105.75,120.25
2016-04-03,25,10,-11.5,227.0,O,107.75,119.25
2015-11-29,11,20,3.5,199.0,O,101.25,97.75
2015-11-27,23,11,-11.5,200.5,O,94.5,106.0
2015-11-25,15,11,-4.5,198.5,U,97.0,101.5
2015-11-21,20,11,-4.5,202.0,O,98.75,103.25
2015-11-20,11,15,-2.5,199.5,U,98.5,101.0
2015-11-18,25,11,-7.0,210.5,O,101.75,108.75
2015-11-07,11,13,-5.5,211.5,O,103.0,108.5
2015-11-06,11,26,4.5,219.0,O,111.75,107.25
2015-11-04,22,11,-9.0,207.5,O,99.25,108.25
2015-11-02,21,11,4.5,217.5,U,111.0,106.5
2015-11-01,11,16,-4.0,207.5,U,101.75,105.75
2015-12-26,11,19,1.5,209.0,O,105.25,103.75
2015-12-25,27,11,7.0,204.5,U,105.75,98.75
2015-12-23,11,22,-1.5,207.5,U,103.0,104.5
2015-12-19,13,11,2.5,213.0,U,107.75,105.25
2015-12-17,11,14,6.5,215.0,U,110.75,104.25
2015-12-15,11,26,-2.5,221.5,U,109.5,112.0
2015-12-12,14,11,-12.0,212.0,O,100.0,112.0
2015-12-09,11,30,-4.5,214.0,U,104.75,109.25
2015-12-05,26,11,-3.0,218.0,O,107.5,110.5
2015-12-02,19,11,-3.5,214.5,U,105.5,109.0
2016-01-30,30,11,-4.5,219.0,O,107.25,111.75
2016-01-29,11,21,-8.0,223.0,O,107.5,115.5
2016-01-27,11,27,-9.5,209.5,O,100.0,109.5
2016-01-25,11,19,-4.0,216.5,O,106.25,110.25
2016-01-22,17,11,-2.5,211.0,U,104.25,106.75
2016-01-18,11,13,-5.0,209.5,O,102.25,107.25
2016-01-17,11,14,9.5,205.5,O,107.5,98.0
2016-01-13,18,11,-7.5,207.0,O,99.75,107.25
2016-01-12,11,15,2.0,196.0,O,99.0,97.0
2016-01-10,12,11,-2.5,207.0,O,102.25,104.75
2016-01-07,29,11,-6.5,196.5,O,95.0,101.5
2016-01-04,11,29,3.5,198.0,U,100.75,97.25
2016-01-02,11,27,-11.0,201.5,O,95.25,106.25
2016-02-29,11,17,3.0,215.0,O,109.0,106.0
2016-02-27,27,11,5.5,213.0,U,109.25,103.75
2016-02-25,11,25,-4.0,218.5,O,107.25,111.25
2016-02-23,11,29,-4.5,203.0,O,99.25,103.75
2016-02-19,11,24,8.0,214.0,O,111.0,103.0
2016-02-10,11,25,-4.5,215.0,O,105.25,109.75
2016-02-06,25,11,-5.0,219.0,U,107.0,112.0
2016-02-04,11,24,7.5,217.5,U,112.5,105.0
2016-02-02,16,11,-4.5,211.0,O,103.25,107.75
2016-03-27,11,12,-1.5,210.5,U,104.5,106.0
2016-03-25,28,11,1.0,210.0,O,105.5,104.5
2016-03-23,29,11,-1.5,200.5,U,99.5,101.0
2016-03-22,11,21,-9.0,226.0,U,108.5,117.5
2016-03-18,18,11,-9.0,224.0,O,107.5,116.5
2016-03-16,13,11,-3.5,217.0,O,106.75,110.25
2016-03-14,15,11,-11.5,207.5,O,98.0,109.5
2016-03-09,11,23,9.5,221.5,O,115.5,106.0
2016-03-06,11,28,-7.5,214.5,O,103.5,111.0
2016-03-02,19,11,-6.0,222.0,U,108.0,114.0
2016-04-13,26,11,-15.0,220.0,U,102.5,117.5
2016-04-11,11,18,3.5,216.5,O,110.0,106.5
2016-04-10,14,11,-14.5,213.0,O,99.25,113.75
2016-04-07,24,11,-12.5,212.5,O,100.0,112.5
2016-04-03,21,11,3.0,221.5,O,112.25,109.25
2015-10-31,29,12,-3.5,193.5,U,95.0,98.5
2015-10-29,15,12,3.0,191.0,O,97.0,94.0
2015-10-28,12,28,-5.5,199.5,O,97.0,102.5
2015-11-29,12,14,10.0,202.0,O,106.0,96.0
2015-11-24,12,30,-3.0,207.5,O,102.25,105.25
2015-11-21,17,12,-5.0,193.0,O,94.0,99.0
2015-11-18,12,23,6.0,190.5,O,98.25,92.25
2015-11-13,18,12,-7.5,200.0,O,96.25,103.75
2015-11-09,22,12,-4.5,195.5,U,95.5,100.0
2015-11-06,16,12,0.0,195.0,U,97.5,97.5
2015-12-31,17,12,-5.5,201.0,O,97.75,103.25
2015-12-26,12,18,4.0,206.0,U,105.0,101.0
2015-12-23,26,12,-7.0,215.0,U,104.0,111.0
2015-12-21,12,27,-9.0,199.0,U,95.0,104.0
2015-12-19,12,15,1.0,200.0,U,100.5,99.5
2015-12-14,28,12,-4.5,200.5,U,98.0,102.5
2015-12-11,16,12,-4.5,196.5,U,96.0,100.5
2015-12-05,12,29,2.0,196.5,O,99.25,97.25
2015-12-03,12,25,2.5,202.5,O,102.5,100.0
2015-12-02,12,13,2.0,202.0,U,102.0,100.0
2016-01-26,13,12,0.0,207.0,U,103.5,103.5
2016-01-23,12,26,-3.0,214.5,U,105.75,108.75
2016-01-19,12,24,5.5,207.5,U,106.5,101.0
2016-01-15,30,12,-7.0,208.5,O,100.75,107.75
2016-01-12,24,12,-12.0,204.5,O,96.25,108.25
2016-01-08,12,19,2.0,205.0,U,103.5,101.5
2016-01-06,12,22,3.5,198.0,U,100.75,97.25
2016-01-04,12,16,-1.5,193.5,O,96.0,97.5
2016-02-28,25,12,-6.0,207.5,O,100.75,106.75
2016-02-24,20,12,-6.5,201.5,O,97.5,104.0
2016-02-22,12,16,-1.5,202.5,U,100.5,102.0
2016-02-21,12,22,1.5,203.0,O,102.25,100.75
2016-02-19,12,21,-8.0,214.5,U,103.25,111.25
2016-02-08,14,12,-12.0,207.0,U,97.5,109.5
2016-03-31,22,12,-6.0,208.5,U,101.25,107.25
2016-03-24,19,12,-14.0,202.0,U,94.0,108.0
2016-03-21,23,12,-15.5,211.5,U,98.0,113.5
2016-03-19,21,12,3.5,211.0,O,107.25,103.75
2016-03-17,28,12,-1.5,203.0,U,100.75,102.25
2016-03-07,27,12,6.5,195.0,U,100.75,94.25
2016-03-05,12,30,-2.5,207.0,U,102.25,104.75
2016-03-02,12,17,3.0,206.5,U,104.75,101.75
2016-04-13,12,17,-5.0,201.5,U,98.25,103.25
2016-04-12,20,12,-11.5,197.5,U,93.0,104.5
2016-04-08,12,28,5.5,194.0,O,99.75,94.25
2016-04-03,12,20,7.0,195.5,U,101.25,94.25
2016-04-02,12,23,11.0,201.5,O,106.25,95.25
2015-10-31,26,13,-10.5,216.0,O,102.75,113.25
2015-10-28,13,26,6.0,211.0,O,108.5,102.5
2015-11-30,25,13,-7.0,206.0,U,99.5,106.5
2015-11-29,18,13,-10.0,206.0,P,98.0,108.0
2015-11-27,19,13,-6.5,212.0,U,102.75,109.25
2015-11-25,29,13,-4.5,197.0,U,96.25,100.75
2015-11-22,28,13,-6.5,204.0,U,98.75,105.25
2015-11-20,13,25,4.5,210.0,U,107.25,102.75
2015-11-12,13,24,-1.5,205.5,O,102.0,103.5
2015-11-09,15,13,-7.5,200.0,U,96.25,103.75
2015-11-02,24,13,-9.0,208.0,U,99.5,108.5
2015-12-31,13,19,-2.0,208.0,U,103.0,105.0
2015-12-28,13,30,-1.0,207.5,U,103.25,104.25
2015-12-26,13,29,2.0,192.5,O,97.25,95.25
2015-12-25,13,14,12.5,207.5,U,110.0,97.5
2015-12-21,21,13,2.0,210.0,U,106.0,104.0
2015-12-18,13,27,-7.5,195.5,O,94.0,101.5
2015-12-16,17,13,-11.0,198.0,U,93.5,104.5
2015-12-09,13,17,5.5,200.0,O,102.75,97.25
2015-12-07,13,18,4.0,205.5,O,104.75,100.75
2015-12-05,22,13,-2.5,198.0,O,97.75,100.25
2016-01-29,14,13,-14.0,204.0,U,95.0,109.0
2016-01-24,13,28,-2.5,205.0,O,101.25,103.75
2016-01-22,13,20,2.5,207.0,U,104.75,102.25
2016-01-16,26,13,-4.0,218.0,U,107.0,111.0
2016-01-13,16,13,-3.0,197.5,U,97.25,100.25
2016-01-10,19,13,-9.5,204.5,O,97.5,107.0
2016-01-06,13,25,3.5,205.5,O,104.5,101.0
2016-01-02,23,13,-14.0,203.5,O,94.75,108.75
2016-02-26,13,26,5.0,218.5,O,111.75,106.75
2016-02-22,24,13,-14.5,212.0,U,98.75,113.25
2016-02-18,27,13,1.0,206.0,U,103.5,102.5
2016-02-08,13,23,9.0,207.0,U,108.0,99.0
2016-02-07,13,16,1.0,195.0,U,98.0,97.0
2016-02-05,13,22,3.5,204.5,U,104.0,100.5
2016-02-03,18,13,-10.5,210.0,P,99.75,110.25
2016-03-31,13,21,-16.5,208.5,O,96.0,112.5
2016-03-30,13,18,6.0,212.5,U,109.25,103.25
2016-03-24,25,13,-6.0,214.5,U,104.25,110.25
2016-03-20,13,19,10.0,209.0,O,109.5,99.5
2016-03-19,13,15,9.0,198.5,O,103.75,94.75
2016-03-15,13,27,-9.5,201.0,U,95.75,105.25
2016-03-11,20,13,-10.5,205.0,U,97.25,107.75
2016-03-09,13,21,-6.0,215.5,O,104.75,110.75
2016-03-02,21,13,1.5,218.0,U,109.75,108.25
2016-04-13,13,24,-5.0,206.0,O,100.5,105.5
2016-04-12,15,13,-9.0,200.5,U,95.75,104.75
2016-04-08,13,29,-13.5,184.0,O,85.25,98.75
2016-04-06,13,14,11.5,203.0,U,107.25,95.75
2016-04-05,14,13,-14.5,208.0,U,96.75,111.25
2016-04-03,30,13,-6.5,206.0,O,99.75,106.25
2015-10-30,14,26,-7.0,211.5,O,102.25,109.25
2015-10-28,18,14,-2.5,203.0,O,100.25,102.75
2015-11-28,14,25,-8.5,201.5,O,96.5,105.0
2015-11-22,25,14,2.5,204.5,U,103.5,101.0
2015-11-20,28,14,7.0,203.5,U,105.25,98.25
2015-11-16,14,24,-11.5,205.0,O,96.75,108.25
2015-11-11,14,22,-8.0,201.5,U,96.75,104.75
2015-11-10,14,16,-11.0,200.0,U,94.5,105.5
2015-11-08,14,20,-5.5,211.5,U,103.0,108.5
2015-12-27,14,15,-9.5,195.0,O,92.75,102.25
2015-12-23,21,14,14.0,207.5,U,110.75,96.75
2015-12-19,14,21,-16.5,207.5,U,95.5,112.0
2015-12-15,17,14,3.5,198.5,O,101.0,97.5
2015-12-11,14,27,-15.0,193.5,O,89.25,104.25
2015-12-09,14,18,-7.5,204.0,O,98.25,105.75
2015-12-07,14,28,-11.5,198.5,U,93.5,105.0
2015-12-02,14,30,-10.0,204.0,O,97.0,107.0
2015-12-01,14,23,-1.0,195.0,U,97.0,98.0
2016-01-23,14,25,-11.5,209.5,O,99.0,110.5
2016-01-22,27,14,16.0,198.5,O,107.25,91.25
2016-01-20,26,14,7.0,215.0,U,111.0,104.0
2016-01-16,14,29,-8.5,191.0,P,91.25,99.75
2016-01-12,19,14,2.0,203.5,U,102.75,100.75
2016-01-10,29,14,3.5,191.0,U,97.25,93.75
2016-01-08,21,14,15.0,212.0,O,113.5,98.5
2016-01-07,14,26,-8.5,214.5,O,103.0,111.5
2016-01-03,24,14,1.0,209.0,U,105.0,104.0
2016-01-01,23,14,-2.5,207.5,U,102.5,105.0
2016-02-26,15,14,5.0,213.0,U,109.0,104.0
2016-02-24,14,15,-8.5,207.0,O,99.25,107.75
2016-02-22,14,17,-9.0,210.5,U,100.75,109.75
2016-02-19,27,14,10.0,200.5,O,105.25,95.25
2016-02-06,14,27,-16.5,205.5,O,94.5,111.0
2016-02-04,14,19,-9.5,210.0,U,100.25,109.75
2016-02-02,18,14,4.5,206.0,O,105.25,100.75
2016-03-30,16,14,10.5,208.0,U,109.25,98.75
2016-03-28,14,29,-13.5,189.0,O,87.75,101.25
2016-03-27,30,14,9.0,213.5,U,111.25,102.25
2016-03-23,14,24,-5.5,214.0,O,104.25,109.75
2016-03-22,15,14,3.5,202.5,O,103.0,99.5
2016-03-18,24,14,-4.0,214.0,U,105.0,109.0
2016-03-15,26,14,5.0,220.0,U,112.5,107.5
2016-03-13,20,14,1.5,209.5,U,105.5,104.0
2016-03-08,22,14,4.0,213.0,U,108.5,104.5
2016-04-13,29,14,4.0,196.5,O,100.25,96.25
2016-04-11,14,21,-15.5,216.5,U,100.5,116.0
2016-04-08,14,19,-3.5,201.5,O,99.0,102.5
2015-11-29,23,15,-13.0,193.0,U,90.0,103.0
2015-11-21,15,27,-8.0,190.0,U,91.0,99.0
2015-11-16,21,15,-2.5,197.5,O,97.5,100.0
2015-11-15,15,18,4.5,192.5,O,98.5,94.0
2015-11-13,25,15,-6.5,193.5,O,93.5,100.0
2015-11-07,15,29,-2.5,180.0,U,88.75,91.25
2015-11-05,15,25,4.5,193.0,O,98.75,94.25
2015-11-03,15,26,4.0,196.5,U,100.25,96.25
2015-12-29,16,15,-4.5,189.5,U,92.5,97.0
2015-12-23,15,30,1.0,201.5,U,101.25,100.25
2015-12-22,15,23,10.0,193.5,O,101.75,91.75
2015-12-14,30,15,-3.0,201.0,O,99.0,102.0
2015-12-13,15,16,-3.0,189.0,O,93.0,96.0
2015-12-08,21,15,2.0,201.5,O,101.75,99.75
2015-12-06,24,15,-5.5,202.5,U,98.5,104.0
2015-12-03,27,15,3.0,183.5,O,93.25,90.25
2015-12-01,15,19,0.0,202.0,O,101.0,101.0
2016-01-30,26,15,-4.0,207.0,O,101.5,105.5
2016-01-28,17,15,-5.5,193.0,U,93.75,99.25
2016-01-25,22,15,-5.5,190.0,O,92.25,97.75
2016-01-23,15,18,3.0,192.0,O,97.5,94.5
2016-01-18,19,15,-4.5,193.0,O,94.25,98.75
2016-01-16,20,15,-5.5,187.0,O,90.75,96.25
2016-01-06,15,21,-8.5,198.5,O,95.0,103.5
2016-01-04,15,25,1.5,195.5,U,98.5,97.0
2016-01-02,15,29,2.0,184.5,U,93.25,91.25
2016-02-27,15,24,6.5,208.5,O,107.5,101.0
2016-02-21,15,28,-7.5,201.5,U,97.0,104.5
2016-02-19,18,15,-4.5,205.5,O,100.5,105.0
2016-02-08,25,15,-3.0,199.0,O,98.0,101.0
2016-02-05,15,20,6.0,193.0,U,99.5,93.5
2016-02-01,15,19,-3.0,202.5,O,99.75,102.75
2016-04-03,15,22,-4.5,207.0,O,101.25,105.75
2016-04-01,28,15,5.5,198.0,U,101.75,96.25
2015-11-27,16,20,1.0,187.0,U,94.0,93.0
2015-11-23,20,16,-5.0,189.5,U,92.25,97.25
2015-11-21,23,16,-12.5,194.5,U,91.0,103.5
2015-11-19,26,16,-10.0,202.5,O,96.25,106.25
2015-11-17,18,16,-8.5,198.5,U,95.0,103.5
2015-11-12,29,16,-4.0,184.0,U,90.0,94.0
2015-11-08,28,16,-2.5,190.5,U,94.0,96.5
2015-11-05,16,18,4.0,197.0,U,100.5,96.5
2015-12-26,16,22,-5.0,192.5,O,93.75,98.75
2015-12-25,19,16,-4.0,200.0,U,98.0,102.0
2015-12-20,25,16,-5.0,192.5,O,93.75,98.75
2015-12-18,28,16,-4.5,187.5,O,91.5,96.0
2015-12-07,30,16,-8.0,196.5,O,94.25,102.25
2015-12-03,21,16,4.0,203.5,U,103.75,99.75
2016-01-29,16,17,1.0,194.0,O,97.5,96.5
2016-01-22,16,28,-10.5,190.0,U,89.75,100.25
2016-01-20,16,30,-6.0,193.5,U,93.75,99.75
2016-01-19,17,16,-4.5,192.0,U,93.75,98.25
2016-01-17,16,21,-9.5,201.0,U,95.75,105.25
2016-01-09,16,29,1.5,182.5,U,92.0,90.5
2016-01-08,16,24,5.0,197.5,O,101.25,96.25
2016-01-06,20,16,-7.5,193.0,U,92.75,100.25
2016-01-03,16,30,1.5,197.5,U,99.5,98.0
2016-02-28,16,20,2.0,197.0,U,99.5,97.5
2016-02-20,30,16,1.5,201.5,O,101.5,100.0
2016-02-09,27,16,6.5,196.0,O,101.25,94.75
2016-03-25,22,16,-10.5,209.5,U,99.5,110.0
2016-03-23,16,27,-10.5,196.5,O,93.0,103.5
2016-03-22,16,19,10.0,209.5,O,109.75,99.75
2016-03-12,16,28,-6.5,203.0,O,98.25,104.75
2016-03-09,16,17,3.0,199.0,O,101.0,98.0
2016-03-06,23,16,-14.0,210.5,U,98.25,112.25
2016-03-04,16,23,9.5,209.0,O,109.25,99.75
2016-03-03,24,16,-14.0,208.5,U,97.25,111.25
2016-04-10,22,16,-9.5,211.5,O,101.0,110.5
2016-04-08,16,22,1.5,208.0,O,104.75,103.25
2016-04-02,16,25,-6.5,209.0,U,101.25,107.75
2016-04-01,16,26,6.5,211.5,O,109.0,102.5
2015-10-30,30,17,2.5,199.5,O,101.0,98.5
2015-10-28,20,17,-4.5,194.5,O,95.0,99.5
2015-11-27,17,22,-3.5,199.0,O,97.75,101.25
2015-11-25,26,17,-4.5,209.5,O,102.5,107.0
2015-11-17,17,30,-3.5,197.5,O,97.0,100.5
2015-11-06,17,20,-1.5,196.5,U,97.5,99.0
2015-11-04,23,17,-8.5,195.0,U,93.25,101.75
2015-11-01,17,28,-6.0,200.0,U,97.0,103.0
2015-12-29,17,21,-13.5,207.0,O,96.75,110.25
2015-12-26,28,17,2.5,193.0,O,97.75,95.25
2015-12-23,23,17,-11.0,196.0,O,92.5,103.5
2015-12-20,17,24,-7.5,203.5,U,98.0,105.5
2015-12-11,17,28,-7.5,191.5,U,92.0,99.5
2015-12-07,25,17,1.0,198.0,U,99.5,98.5
2015-12-05,20,17,2.5,189.0,O,95.75,93.25
2015-12-02,17,27,-12.0,186.5,U,87.25,99.25
2016-01-26,22,17,-5.0,197.0,O,96.0,101.0
2016-01-23,17,19,-6.5,202.5,O,98.0,104.5
2016-01-13,17,30,-5.5,207.0,P,100.75,106.25
2016-01-10,17,20,-5.0,197.5,U,96.25,101.25
2016-01-04,27,17,9.5,192.0,O,100.75,91.25
2016-01-02,17,18,-1.5,204.0,U,101.25,102.75
2016-02-11,30,17,-1.5,214.5,U,106.5,108.0
2016-02-05,17,29,-7.0,188.0,U,90.5,97.5
2016-02-02,17,25,-7.0,206.0,U,99.5,106.5
2016-02-01,17,26,-1.5,214.0,O,106.25,107.75
2016-03-30,24,17,-7.5,211.0,U,101.75,109.25
2016-03-20,29,17,1.5,189.0,U,95.25,93.75
2016-03-17,15,17,-10.5,201.0,U,95.25,105.75
2016-03-15,28,17,-1.5,205.5,U,102.0,103.5
2016-03-12,19,17,-6.5,211.5,U,102.5,109.0
2016-03-06,21,17,8.0,219.0,U,113.5,105.5
2016-03-04,18,17,-4.5,215.0,O,105.25,109.75
2016-04-11,17,22,-2.5,209.5,U,103.5,106.0
2016-04-10,17,23,4.5,205.5,O,105.0,100.5
2016-04-01,22,17,-2.0,209.0,O,103.5,105.5
2015-11-27,18,26,-3.0,216.0,U,106.5,109.5
2015-11-23,23,18,-7.5,200.5,U,96.5,104.0
2015-11-18,18,22,-5.0,204.0,O,99.5,104.5
2015-11-02,25,18,-4.0,203.5,O,99.75,103.75
2015-12-30,29,18,-4.0,191.0,U,93.5,97.5
2015-12-28,18,27,-13.5,195.5,O,91.0,104.5
2015-12-23,27,18,11.0,195.0,U,103.0,92.0
2015-12-18,26,18,2.5,213.0,U,107.75,105.25
2015-12-16,18,20,-4.0,199.0,O,97.5,101.5
2015-12-13,18,24,-5.5,209.5,U,102.0,107.5
2015-12-05,25,18,-1.5,204.0,O,101.25,102.75
2015-12-01,22,18,-1.5,202.5,U,100.5,102.0
2016-01-31,18,25,-6.5,208.5,U,101.0,107.5
2016-01-29,18,29,-8.5,192.5,O,92.0,100.5
2016-01-27,21,18,6.5,213.0,O,109.75,103.25
2016-01-19,18,19,-5.5,204.0,O,99.25,104.75
2016-01-17,24,18,-3.5,206.5,U,101.5,105.0
2016-01-15,18,21,-13.0,209.5,U,98.25,111.25
2016-01-12,21,18,10.5,209.0,U,109.75,99.25
2016-01-04,18,23,6.5,204.0,O,105.25,98.75
2016-02-27,18,19,-2.5,217.5,O,107.5,110.0
2016-02-24,18,28,-9.5,211.5,O,101.0,110.5
2016-02-20,20,18,-2.0,207.5,U,102.75,104.75
2016-02-10,28,18,6.0,207.5,O,106.75,100.75
2016-02-08,19,18,-2.0,210.5,O,104.25,106.25
2016-03-28,24,18,-6.0,219.0,O,106.5,112.5
2016-03-26,29,18,8.0,196.0,U,102.0,94.0
2016-03-25,18,30,-9.0,218.0,O,104.5,113.5
2016-03-23,26,18,-4.5,221.0,U,108.25,112.75
2016-03-16,18,15,4.0,207.5,O,105.75,101.75
2016-03-14,18,24,0.0,222.5,U,111.25,111.25
2016-03-11,18,21,-12.0,223.5,U,105.75,117.75
2016-03-08,27,18,9.5,206.5,O,108.0,98.5
2016-03-02,30,18,2.5,219.0,U,110.75,108.25
2016-04-13,19,18,-10.0,212.5,O,101.25,111.25
2016-04-09,18,25,-8.5,216.0,U,103.75,112.25
2016-04-07,18,26,1.0,222.5,U,111.75,110.75
2016-04-01,18,29,-7.0,192.0,U,92.5,99.5
2015-10-28,19,25,-2.5,206.5,U,102.0,104.5
2015-11-28,19,29,-5.5,195.5,U,95.0,100.5
2015-11-25,19,24,-4.0,211.5,O,103.75,107.75
2015-11-22,24,19,-1.0,210.5,O,104.75,105.75
2015-11-20,27,19,7.5,201.5,U,104.5,97.0
2015-11-18,19,21,-12.0,212.5,O,100.25,112.25
2015-11-15,19,20,-1.5,203.5,U,101.0,102.5
2015-11-13,19,28,-10.0,205.0,U,97.5,107.5
2015-11-03,22,19,-5.0,205.5,U,100.25,105.25
2015-12-28,19,22,-4.0,204.5,U,100.25,104.25
2015-12-23,25,19,-7.5,203.5,O,98.0,105.5
2015-12-18,19,24,-3.0,213.5,U,105.25,108.25
2015-12-16,19,29,-3.5,200.5,U,98.5,102.0
2015-12-14,19,25,-3.0,211.0,U,104.0,107.0
2015-12-11,30,19,-3.5,211.0,O,103.75,107.25
2016-01-28,26,19,5.5,216.0,O,110.75,105.25
2016-01-13,19,26,-6.5,216.0,U,104.75,111.25
2016-02-25,21,19,6.5,221.5,O,114.0,107.5
2016-02-23,19,30,-5.0,217.5,U,106.25,111.25
2016-02-19,23,19,-9.0,204.0,O,97.5,106.5
2016-02-11,19,21,-12.0,218.0,U,103.0,115.0
2016-02-10,29,19,-1.5,194.0,O,96.25,97.75
2016-02-03,19,27,-12.5,207.0,P,97.25,109.75
2016-03-30,19,27,-19.0,196.0,U,88.5,107.5
2016-03-28,20,19,5.5,203.0,U,104.25,98.75
2016-03-26,28,19,11.5,200.0,O,105.75,94.25
2016-03-18,25,19,2.0,220.0,O,111.0,109.0
2016-03-16,19,26,-3.5,223.5,O,110.0,113.5
2016-03-11,19,15,3.0,204.5,O,103.75,100.75
2016-03-07,26,19,1.5,219.5,O,110.5,109.0
2016-03-05,29,19,-1.0,195.5,O,97.25,98.25
2016-03-03,27,19,10.0,208.5,U,109.25,99.25
2016-04-09,24,19,3.0,208.5,O,105.75,102.75
2016-04-05,19,23,-2.5,206.5,U,102.0,104.5
2015-10-31,20,30,-7.5,205.0,O,98.75,106.25
2015-11-25,20,22,-1.5,195.0,U,96.75,98.25
2015-11-20,20,21,-6.5,206.5,U,100.0,106.5
2015-11-10,20,28,-7.5,196.5,O,94.5,102.0
2015-11-02,27,20,7.5,203.0,U,105.25,97.75
2015-12-21,22,20,-3.0,198.5,O,97.75,100.75
2015-12-18,20,23,5.5,196.0,O,100.75,95.25
2015-12-12,20,25,-3.5,198.0,O,97.25,100.75
2015-12-10,20,26,-6.0,210.0,U,102.0,108.0
2015-12-09,20,29,-3.0,192.5,U,94.75,97.75
2015-12-02,23,20,-8.5,191.0,U,91.25,99.75
2016-01-29,24,20,-7.0,203.0,U,98.0,105.0
2016-01-28,20,28,-12.0,198.5,U,93.25,105.25
2016-01-26,21,20,9.0,208.5,O,108.75,99.75
2016-01-20,29,20,-2.5,188.5,O,93.0,95.5
2016-01-18,23,20,-10.0,200.5,O,95.25,105.25
2016-01-08,20,27,-15.0,196.5,O,90.75,105.75
2016-02-26,22,20,-2.5,209.5,U,103.5,106.0
2016-02-22,28,20,3.5,201.5,O,102.5,99.0
2016-02-09,30,20,1.5,207.5,O,104.5,103.0
2016-03-20,26,20,5.0,212.5,U,108.75,103.75
2016-03-19,20,30,-8.0,206.5,U,99.25,107.25
2016-03-09,20,24,-2.0,207.0,O,102.5,104.5
2016-03-01,25,20,4.5,209.5,U,107.0,102.5
2016-04-10,28,20,6.5,195.5,U,101.0,94.5
2016-04-08,20,23,2.5,203.0,O,102.75,100.25
2015-10-30,21,22,7.5,205.5,O,106.5,99.0
2015-10-28,27,21,-4.0,207.5,O,101.75,105.75
2015-11-23,21,29,-1.5,201.0,U,99.75,101.25
2015-11-13,23,21,-13.0,206.5,U,96.75,109.75
2015-11-10,21,30,6.5,216.0,O,111.25,104.75
2015-11-08,24,21,-8.5,212.0,O,101.75,110.25
2015-11-04,28,21,-8.0,212.0,U,102.0,110.0
2015-12-31,24,21,-16.0,212.0,O,98.0,114.0
2015-12-16,25,21,-10.0,207.5,U,98.75,108.75
2015-12-13,29,21,-9.0,203.5,U,97.25,106.25
2015-12-11,21,29,3.5,204.0,U,103.75,100.25
2015-12-06,26,21,-12.0,221.5,U,104.75,116.75
2016-01-10,21,25,7.5,215.5,O,111.5,104.0
2016-01-04,26,21,-7.5,214.0,O,103.25,110.75
2016-02-29,21,26,8.5,227.5,O,118.0,109.5
2016-02-08,21,24,13.0,214.0,O,113.5,100.5
2016-02-03,22,21,-11.0,212.0,O,100.5,111.5
2016-02-01,30,21,-10.0,223.0,U,106.5,116.5
2016-03-28,21,28,3.0,211.5,O,107.25,104.25
2016-03-26,27,21,-12.5,207.5,U,97.5,110.0
2016-03-24,29,21,-9.5,199.0,O,94.75,104.25
2016-03-18,21,23,15.5,219.5,U,117.5,102.0
2016-03-14,25,21,-7.5,217.0,O,104.75,112.25
2016-03-12,21,27,-9.0,211.5,U,101.25,110.25
2016-04-12,21,27,-13.0,202.5,U,94.75,107.75
2016-04-09,21,26,8.5,225.0,O,116.75,108.25
2016-04-06,21,25,-8.0,213.5,O,102.75,110.75
2015-10-28,30,22,4.0,202.5,U,103.25,99.25
2015-11-21,26,22,-3.0,209.5,U,103.25,106.25
2015-11-14,22,30,-5.5,203.5,O,99.0,104.5
2015-11-13,29,22,1.5,188.5,O,95.0,93.5
2015-11-07,22,23,3.0,191.5,O,97.25,94.25
2015-11-06,28,22,6.0,196.5,U,101.25,95.25
2015-12-18,25,22,-4.0,201.0,U,98.5,102.5
2015-12-09,22,24,-4.5,206.0,O,100.75,105.25
2015-12-03,22,29,-4.0,192.5,O,94.25,98.25
2016-01-20,23,22,-7.0,195.5,U,94.25,101.25
2016-01-14,28,22,4.5,193.0,O,98.75,94.25
2016-01-09,30,22,-3.5,199.0,O,97.75,101.25
2016-01-01,22,30,-1.5,203.0,U,100.75,102.25
2016-02-28,23,22,-9.0,214.5,O,102.75,111.75
2016-02-23,22,23,5.5,208.5,O,107.0,101.5
2016-02-10,27,22,8.5,202.5,U,105.5,97.0
2016-02-01,22,27,-15.5,202.5,U,93.5,109.0
2016-03-20,22,28,-9.5,210.0,U,100.25,109.75
2016-03-12,22,25,-8.5,215.5,U,103.5,112.0
2016-03-11,22,26,-1.5,218.5,U,108.5,110.0
2016-03-04,24,22,-12.5,216.5,U,102.0,114.5
2015-10-30,29,23,7.5,186.0,U,96.75,89.25
2015-11-14,23,27,-16.0,194.0,U,89.0,105.0
2015-11-11,28,23,9.5,196.0,O,102.75,93.25
2015-12-30,23,26,-10.5,215.5,U,102.5,113.0
2015-12-28,23,29,-8.5,195.0,U,93.25,101.75
2015-12-26,23,24,-11.5,205.0,O,96.75,108.25
2015-12-13,23,28,-11.5,192.5,U,90.5,102.0
2015-12-07,27,23,10.0,189.0,U,99.5,89.5
2016-01-26,24,23,-2.0,204.5,O,101.25,103.25
2016-01-16,25,23,6.0,207.0,U,106.5,100.5
2016-01-09,28,23,9.0,202.0,O,105.5,96.5
2016-02-29,23,30,-12.5,214.5,O,101.0,113.5
2016-02-26,30,23,7.5,216.5,U,112.0,104.5
2016-02-10,26,23,5.5,220.0,O,112.75,107.25
2016-02-05,23,30,-8.5,213.5,U,102.5,111.0
2016-03-26,23,25,-15.0,219.0,U,102.0,117.0
2016-03-17,30,23,9.0,214.5,U,111.75,102.75
2016-04-12,23,28,-12.0,204.5,O,96.25,108.25
2015-10-31,24,25,-1.5,204.0,U,101.25,102.75
2015-10-30,25,24,-4.5,204.5,U,100.0,104.5
2015-11-29,24,28,-3.0,202.5,O,99.75,102.75
2015-11-23,24,27,-9.5,196.5,U,93.5,103.0
2015-11-04,26,24,-9.5,209.0,O,99.75,109.25
2015-12-30,24,27,-14.5,198.5,U,92.0,106.5
2015-12-21,24,29,-4.5,198.0,O,96.75,101.25
2015-12-11,25,24,-4.0,210.0,U,103.0,107.0
2015-12-04,24,30,2.5,215.0,P,108.75,106.25
2016-01-21,27,24,16.0,200.0,O,108.0,92.0
2016-01-02,24,26,-5.5,213.0,O,103.75,109.25
2016-02-21,27,24,14.0,204.0,O,109.0,95.0
2016-02-06,29,24,7.0,187.5,U,97.25,90.25
2016-02-02,28,24,9.5,200.0,O,104.75,95.25
2016-03-25,24,26,-7.5,223.0,U,107.75,115.25
2016-03-21,15,24,3.0,202.5,U,102.75,99.75
2016-03-17,24,29,-9.0,198.5,U,94.75,103.75
2016-03-06,24,15,-9.5,205.0,O,97.75,107.25
2016-04-11,26,24,-6.0,218.5,U,106.25,112.25
2016-04-03,29,24,9.0,192.5,U,100.75,91.75
2016-04-01,30,24,9.0,213.0,U,111.0,102.0
2015-11-16,25,27,-12.0,200.5,U,94.25,106.25
2015-11-11,27,25,6.5,205.5,O,106.0,99.5
2015-11-04,25,29,-7.0,189.5,O,91.25,98.25
2015-12-31,25,29,-3.0,188.0,O,92.5,95.5
2015-12-27,25,26,-9.0,209.0,U,100.0,109.0
2016-01-26,26,25,-5.0,214.0,U,104.5,109.5
2016-01-18,25,30,-4.0,208.5,U,102.25,106.25
2016-01-13,29,25,-3.5,192.5,U,94.5,98.0
2016-02-21,29,25,-3.0,196.5,O,96.75,99.75
2016-02-04,28,25,-1.5,206.5,O,102.5,104.0
2016-03-28,26,25,-13.0,220.5,U,103.75,116.75
2016-03-17,25,27,-11.5,204.5,O,96.5,108.0
2016-03-08,30,25,-5.5,213.5,O,104.0,109.5
2016-03-04,25,28,-5.5,207.5,O,101.0,106.5
2016-04-05,25,26,4.0,222.5,U,113.25,109.25
2015-11-15,28,26,2.0,208.5,U,105.25,103.25
2015-11-09,27,26,8.0,203.0,U,105.5,97.5
2015-12-21,26,30,-2.5,219.0,U,108.25,110.75
2015-12-20,26,28,-5.5,207.5,U,101.0,106.5
2015-12-08,29,26,-2.5,206.0,O,101.75,104.25
2016-01-14,26,29,-2.5,200.5,O,99.0,101.5
2016-02-24,27,26,8.0,219.0,U,113.5,105.5
2016-03-30,30,26,1.5,218.0,O,109.75,108.25
2016-03-13,29,26,1.0,207.5,U,104.25,103.25
2016-03-05,26,27,-11.5,212.5,U,100.5,112.0
2016-03-02,26,15,-3.0,215.0,U,106.0,109.0
2015-11-04,27,30,4.0,201.0,P,102.5,98.5
2015-12-16,30,27,-13.0,198.0,O,92.5,105.5
2015-12-14,29,27,-12.5,186.5,O,87.0,99.5
2015-12-09,27,28,6.0,187.5,O,96.75,90.75
2016-01-06,29,27,-13.5,183.5,O,85.0,98.5
2016-02-25,27,29,3.0,193.5,U,98.25,95.25
2016-03-28,27,15,5.5,193.0,U,99.25,93.75
2016-03-25,15,27,-13.0,190.5,O,88.75,101.75
2016-04-05,27,29,3.5,182.5,U,93.0,89.5
2016-04-02,28,27,-13.5,192.0,O,89.25,102.75
2015-11-28,28,30,3.5,201.0,U,102.25,98.75
2015-11-18,28,29,-4.0,191.5,U,93.75,97.75
2015-12-30,30,28,-7.5,203.5,U,98.0,105.5
2016-01-26,30,28,-8.0,206.0,U,99.0,107.0
2016-01-08,28,30,2.0,202.5,U,102.25,100.25
2016-03-02,29,28,-5.0,193.5,O,94.25,99.25
2016-02-18,29,30,2.0,196.0,U,99.0,97.0
2016-03-11,30,29,-3.5,196.0,O,96.25,99.75
2016-03-04,29,15,1.0,192.0,U,96.5,95.5
