11095,True,17147,133,111,"{1393, 1426}","{1021, 1054}"
10152,False,17005,95,111,"{1245, 1391, 1344}","{1423, 1367}"
11093,True,19060,105,90,"{1018, 1083, 1029}","{1338, 1141}"
11151,True,17741,119,107,{1443},"{1001, 1016, 1024, 1086}"
11196,True,19170,98,91,"{1018, 1057}","{1021, 1054}"
10423,False,15994,118,119,"{1309, 1422}","{1031, 1084}"
10902,False,11307,98,104,"{1235, 1339}","{1494, 1284}"
10686,True,19596,127,107,"{1202, 1421}","{1031, 1053}"
11161,False,17317,107,115,"{1247, 1212}","{1382, 1170}"
10150,True,17006,107,101,"{1198, 1393}","{1388, 1428}"
10087,False,19361,105,109,"{1018, 1083}","{1245, 1143, 1344}"
10440,True,19015,117,98,"{1030, 1075}",{1019}
10611,True,14330,117,87,"{1414, 1438}","{1105, 1369}"
10251,True,16209,110,91,{1443},"{1423, 1192}"
10797,False,18055,104,112,"{1105, 1353}","{1202, 1421}"
10746,False,15723,105,111,"{1105, 1353}","{1143, 1344}"
10347,False,20088,111,114,"{1047, 1084}","{1383, 1153, 1279}"
10604,False,19191,103,110,"{1018, 1029}","{1393, 1426}"
11143,True,20562,112,103,{1407},"{1129, 1416}"
10961,True,19800,104,96,"{1388, 1171}","{1055, 1071, 1075}"
10666,True,20562,114,107,{1415},"{1235, 1431}"
11217,False,16517,96,103,"{1167, 1491, 1169}","{1171, 1307}"
11094,False,18997,88,101,"{1387, 1241}","{1383, 1157}"
10030,True,17391,132,114,"{1381, 1393}","{1490, 1427}"
11081,True,16625,120,110,"{1167, 1491}","{1015, 1082}"
10819,False,19585,112,115,"{1029, 1063}","{1202, 1421}"
10352,True,19813,100,97,"{1358, 1271, 1073}","{1001, 1086}"
10985,False,18997,87,90,"{1387, 1440}",{1019}
10444,False,18288,93,99,"{1392, 1341}","{1149, 1192}"
10537,False,12611,98,126,"{1495, 1520}","{1055, 1075}"
10193,False,16104,91,97,{1443},"{1393, 1108}"
10608,False,20356,117,119,"{1383, 1153, 1178}","{1405, 1423, 1437}"
11119,True,19800,105,97,"{1388, 1171}","{1055, 1071, 1075}"
10596,False,18320,77,91,"{1391, 1344}",{1150}
10062,True,16735,119,114,"{1143, 1344}",{1368}
10323,True,18076,123,122,"{1414, 1339}","{1306, 1387}"
10863,False,18997,95,112,"{1490, 1117}","{1001, 1024, 1096}"
10133,True,18203,102,85,"{1102, 1404}","{1520, 1420, 1447}"
10408,False,19800,94,104,"{1171, 1146}","{1252, 1393, 1426}"
10545,False,16866,95,103,"{1105, 1369}","{1271, 1436, 1073}"
10938,False,20562,103,106,{1150},"{1001, 1024, 1086}"
10580,True,17115,107,104,"{1391, 1330, 1344}","{1235, 1414}"
11111,False,14486,85,100,"{1520, 1165}","{1401, 1416}"
10437,False,18997,84,94,"{1306, 1294}","{1063, 1083}"
10261,True,12787,94,91,"{1258, 1422}","{1193, 1372}"
10951,False,20249,96,102,"{1021, 1046}","{1392, 1194}"
10090,False,17317,94,103,"{1198, 1098}","{1340, 1418}"
10234,True,18203,103,87,"{1404, 1429}","{1409, 1341}"
11042,False,15729,102,117,"{1055, 1071, 1075}","{1383, 1494}"
10405,True,19600,116,109,"{1358, 1271}","{1382, 1466}"
10868,True,18624,101,89,"{1215, 1367}","{1152, 1358}"
10975,True,13213,116,100,"{1338, 1141}","{1383, 1153}"
10355,True,19800,96,76,"{1388, 1146, 1446}","{1520, 1345, 1296}"
10216,True,15119,104,81,"{1409, 1341}","{1073, 1295}"
10246,True,14224,87,82,"{1401, 1416}","{1406, 1233}"
10449,False,17548,104,111,"{1372, 1157}","{1520, 1296}"
11049,False,19452,104,109,"{1235, 1339}","{1202, 1221, 1418}"
10929,True,14802,116,114,"{1338, 1141}","{1021, 1046}"
10472,True,18203,131,123,"{1404, 1297}","{1406, 1233}"
10622,True,19800,112,100,"{1324, 1388, 1446}","{1309, 1167, 1422}"
10528,False,15255,91,100,{1465},"{1051, 1084}"
10163,True,15485,115,86,"{1383, 1444}","{1347, 1335}"
10066,True,16497,118,97,{1408},"{1098, 1393}"
10855,True,16974,123,119,"{1456, 1465}",{1404}
11154,False,12611,102,124,"{1338, 1141}","{1404, 1297}"
11035,True,20356,99,89,"{1494, 1278}","{1019, 1447}"
11125,True,18203,119,117,"{1404, 1297}","{1018, 1029}"
10227,False,19093,90,95,"{1401, 1416}","{1407, 1441}"
10294,False,15677,105,108,"{1520, 1345, 1420, 1165}","{1338, 1227, 1337}"
10209,False,13257,94,111,"{1338, 1166, 1337}","{1018, 1083}"
10878,True,17201,114,101,"{1392, 1341}","{1388, 1171}"
10106,True,19825,101,88,"{1210, 1073, 1079}","{1117, 1440}"
11007,False,18304,106,122,"{1391, 1507}","{1018, 1029}"
10810,True,16953,121,114,"{1456, 1465}","{1495, 1520}"
10153,True,17270,122,114,"{1001, 1096}","{1102, 1316}"
10428,False,18997,85,120,"{1306, 1241}","{1404, 1297}"
11098,True,19258,114,90,"{1018, 1029}",{1180}
10503,True,18652,121,103,"{1480, 1351}",{}
11227,True,18055,114,105,"{1105, 1353}","{1017, 1062}"
10990,True,19744,124,119,{1152},"{1338, 1141}"
11078,True,17317,116,94,"{1393, 1426}","{1105, 1353}"
11005,False,14121,114,118,{1341},"{1055, 1071, 1075}"
10605,True,18119,103,95,"{1001, 1395, 1096}",{1019}
10547,True,18420,100,99,"{1480, 1351}",{1019}
10433,False,17034,96,104,"{1372, 1408}","{1338, 1137}"
10001,True,21957,97,95,"{1394, 1397}","{1407, 1441}"
10093,True,20562,101,97,"{1407, 1441, 1346}","{1015, 1048, 1074, 1082}"
10024,True,16035,98,94,"{1409, 1341}","{1384, 1394}"
10017,False,18165,103,112,"{1015, 1064}","{1096, 1073}"
10006,False,18240,85,105,"{1344, 1119}","{1338, 1337}"
10165,False,17262,102,106,"{1423, 1367}","{1046, 1080}"
10984,False,19342,90,114,"{1018, 1029, 1083}",{1150}
11199,False,16267,108,109,"{1520, 1165}","{1124, 1347, 1429}"
10039,True,21585,92,87,"{1394, 1357}",{1368}
11157,True,17591,108,92,"{1001, 1016, 1024, 1086}","{1317, 1208}"
10496,True,20562,104,79,"{1400, 1415}","{1368, 1443}"
10787,True,18186,139,134,"{1405, 1423}","{1029, 1063}"
10487,True,18203,110,106,"{1404, 1429}","{1105, 1369}"
10973,True,19303,125,109,"{1328, 1416}","{1391, 1143}"
10178,True,17926,113,88,"{1263, 1416}","{1520, 1420, 1447}"
10272,False,19060,91,103,"{1018, 1056}","{1015, 1082}"
10166,True,14040,116,111,"{1263, 1416}","{1422, 1491}"
11192,True,17317,114,112,"{1247, 1212}","{1404, 1297}"
10858,False,19393,105,119,"{1382, 1466}","{1391, 1344}"
10720,False,13290,100,105,"{1309, 1167, 1422}","{1392, 1341}"
10307,False,11467,106,110,"{1414, 1339}","{1018, 1083}"
10450,True,19393,105,76,"{1382, 1104}","{1400, 1407}"
10210,True,19596,111,77,"{1418, 1421}","{1387, 1440}"
10757,True,17305,106,94,"{1383, 1279, 1178}","{1520, 1319}"
11034,True,18825,87,79,"{1386, 1492}","{1202, 1221, 1418}"
11113,True,18997,102,100,"{1490, 1387}",{1152}
10387,True,20199,97,88,"{1007, 1047}","{1001, 1086}"
10678,False,19812,122,128,{1019},"{1404, 1316}"
10780,False,13310,92,98,"{1495, 1520}","{1029, 1063}"
10851,False,19899,112,118,"{1152, 1358}","{1202, 1421}"
10311,True,20163,102,93,"{1171, 1428, 1146}","{1306, 1387}"
10699,True,19495,105,93,"{1018, 1029}","{1306, 1117}"
11002,False,18624,109,130,"{1180, 1410}","{1404, 1297}"
10080,False,19812,92,99,{1002},"{1124, 1347}"
10409,True,18373,106,97,"{1030, 1075}","{1104, 1514}"
10934,False,16565,96,104,"{1429, 1233}","{1404, 1297}"
10773,True,13043,105,104,"{1309, 1167}","{1338, 1224}"
11202,False,18624,100,114,"{1521, 1423}","{1416, 1207}"
10186,False,18203,90,93,"{1102, 1404}",{1019}
10737,False,19060,102,108,"{1018, 1029}","{1235, 1339}"
11193,False,16172,84,100,"{1338, 1141}","{1519, 1433}"
10259,True,16937,112,98,"{1393, 1426}","{1009, 1047}"
10826,False,17886,106,111,"{1392, 1341}","{1456, 1465}"
10404,False,13857,125,130,"{1338, 1137}","{1453, 1465}"
10907,False,19910,101,104,"{1021, 1047}","{1393, 1426}"
10145,True,15317,106,94,"{1401, 1416}","{1170, 1466}"
10313,True,20562,105,100,"{1400, 1407, 1441}","{1382, 1466}"
11158,True,19621,107,89,{1152},"{1486, 1341}"
10559,False,18997,74,86,"{1306, 1294}","{1173, 1519}"
10419,False,19901,92,93,"{1163, 1358, 1271}","{1392, 1341}"
11108,True,19596,102,94,"{1202, 1221, 1418}","{1383, 1494}"
10022,True,20562,102,92,"{1407, 1441}","{1360, 1436}"
10834,True,19060,124,84,"{1018, 1029, 1063}","{1105, 1353}"
10181,True,19596,106,94,"{1418, 1439}","{1394, 1156}"
10887,True,13214,128,121,"{1429, 1233}",{1229}
10407,False,16859,95,101,"{1372, 1408}","{1238, 1233}"
10702,True,18203,116,108,"{1432, 1316}","{1391, 1344}"
10730,False,19812,89,97,"{1013, 1019}","{1405, 1423}"
10139,True,19060,101,96,"{1018, 1083}","{1409, 1341}"
11021,True,18142,116,111,"{1391, 1507}","{1235, 1339}"
10014,True,19393,112,94,"{1382, 1336}","{1458, 1456, 1465}"
10357,False,12946,82,105,"{1309, 1422}","{1368, 1443}"
10765,True,18847,103,98,"{1520, 1319}","{1309, 1167}"
11019,False,20515,112,130,"{1021, 1046}","{1202, 1221, 1418}"
10282,True,19051,100,87,"{1030, 1075}","{1306, 1387}"
10296,False,20160,109,112,"{1388, 1146, 1446}","{1205, 1418}"
10992,True,17480,107,104,"{1105, 1353}","{1235, 1339}"
10570,True,15284,116,97,"{1015, 1082}",{1105}
10561,False,14363,87,93,"{1414, 1438}","{1037, 1047}"
10389,True,16548,104,97,"{1015, 1082}","{1309, 1422}"
10673,False,11753,91,116,"{1383, 1178}","{1405, 1423}"
10600,True,18203,113,93,"{1404, 1429}","{1414, 1199}"
10873,False,18203,118,121,{1404},"{1202, 1418}"
10101,True,13104,97,84,"{1015, 1082}",{1106}
11186,False,19911,99,102,"{1519, 1433}","{1038, 1063}"
10606,True,15698,114,89,"{1495, 1520}","{1382, 1466}"
10663,False,9722,92,112,"{1495, 1520}","{1423, 1367}"
10670,False,15688,111,112,"{1457, 1465}","{1267, 1330}"
10188,True,20562,109,97,"{1407, 1441}","{1011, 1075}"
10253,True,17768,106,100,"{1030, 1071}","{1404, 1297}"
10650,False,19812,88,116,{1019},"{1018, 1029}"
10560,True,17112,101,98,"{1001, 1096, 1086}","{1423, 1437}"
10948,False,19282,84,91,"{1173, 1519, 1433}","{1055, 1071, 1075}"
11167,False,18997,81,91,"{1387, 1241}","{1038, 1063}"
10240,True,19596,120,101,"{1205, 1418}","{1098, 1393}"
10320,False,19936,95,98,"{1007, 1047}","{1030, 1075}"
10574,False,14791,96,101,"{1414, 1339}","{1404, 1429}"
11102,True,17000,99,91,"{1499, 1456, 1457, 1465}","{1019, 1077, 1447}"
10184,False,13445,86,96,"{1225, 1339}","{1409, 1341}"
11023,False,17263,112,117,"{1499, 1456, 1457, 1465}","{1382, 1466}"
10225,True,20140,103,99,"{1388, 1146, 1446}","{1407, 1441}"
11097,False,14844,88,97,"{1338, 1141, 1337}","{1021, 1054}"
10254,True,21909,92,89,"{1384, 1394}","{1325, 1351}"
10885,False,10324,96,103,"{1338, 1141}","{1001, 1024, 1086}"
10071,False,9906,84,96,"{1338, 1337}","{1519, 1363}"
10082,False,16676,92,100,{1408},"{1409, 1341}"
10551,True,19060,97,83,"{1018, 1029, 1083}","{1129, 1416}"
10531,True,16910,111,102,"{1105, 1408}","{1129, 1416}"
10383,True,20562,104,100,"{1407, 1441}","{1297, 1257}"
10492,True,19800,104,94,"{1324, 1435}","{1129, 1416}"
10633,True,19812,118,111,{1019},"{1173, 1519}"
10023,False,17660,78,95,"{1338, 1337}","{1414, 1339}"
10124,False,16130,116,129,"{1339, 1132}","{1304, 1418}"
10677,True,11884,107,100,"{1406, 1233}","{1368, 1443}"
10149,False,18203,85,100,"{1102, 1404}","{1423, 1367}"
10706,False,18320,122,123,"{1330, 1344}","{1383, 1178}"
10641,True,15281,115,99,"{1457, 1465}","{1392, 1341}"
10410,True,18624,113,99,"{1203, 1192, 1315}","{1414, 1339}"
10132,False,19812,84,90,{1019},"{1400, 1407, 1441}"
10274,True,18418,95,70,"{1325, 1351}","{1406, 1233}"
10136,True,19800,100,81,"{1388, 1428, 1260}","{1456, 1448, 1465}"
10631,False,17203,114,123,"{1391, 1344}","{1392, 1341}"
10189,False,15890,95,97,"{1409, 1341}","{1383, 1444}"
11205,False,14983,105,129,"{1235, 1339}","{1391, 1267}"
10376,True,19060,103,90,"{1018, 1083}","{1238, 1233}"
10110,False,19800,109,111,"{1171, 1260}",{1002}
10927,True,18418,104,94,"{1107, 1131}","{1393, 1426}"
10781,False,16316,106,122,"{1105, 1353}","{1404, 1316}"
10435,True,19596,89,83,"{1205, 1418}","{1400, 1415}"
10705,True,20562,117,103,{1415},"{1131, 1351}"
10367,True,18997,113,95,"{1490, 1306}","{1238, 1233}"
10330,True,18203,107,94,"{1404, 1297}","{1066, 1071}"
10213,False,15486,106,123,"{1383, 1444}","{1015, 1082}"
10147,False,12086,106,114,"{1339, 1132}","{1001, 1096}"
10161,False,17269,98,115,"{1456, 1448, 1465}","{1327, 1338, 1337}"
10993,False,19800,107,109,"{1388, 1171}","{1113, 1208}"
10286,True,19812,108,91,{1019},"{1258, 1422}"
10540,False,18997,113,117,"{1306, 1294}","{1404, 1429}"
10617,True,19866,118,113,"{1037, 1047}","{1405, 1423, 1437}"
10581,True,19194,104,90,"{1018, 1029}","{1163, 1271, 1073}"
10818,False,18653,109,117,{1071},"{1406, 1233}"
10392,True,17156,102,94,"{1368, 1443}","{1382, 1348}"
10711,True,19800,111,107,"{1324, 1388, 1171}","{1392, 1341}"
11203,False,14653,111,120,"{1167, 1491, 1169}","{1153, 1157, 1110}"
10326,True,18586,106,85,"{1519, 1433}",{1019}
10769,False,19624,93,100,"{1360, 1358}","{1029, 1063}"
10935,False,19800,107,113,"{1388, 1171}",{1143}
10752,False,20404,90,116,"{1031, 1037}","{1131, 1219}"
10963,False,22067,96,118,"{1384, 1208}","{1152, 1358}"
10799,True,14172,99,92,"{1406, 1233}","{1383, 1178, 1284}"
11187,True,19257,118,107,"{1055, 1071, 1075}",{1423}
10837,True,11639,124,122,"{1235, 1339}",{1215}
10738,True,18203,117,114,"{1404, 1316}","{1359, 1443}"
10662,True,18142,115,104,"{1267, 1330}","{1021, 1053}"
11201,True,19187,113,98,"{1278, 1110}","{1401, 1416}"
10881,True,16168,130,116,{1226},{1520}
11045,True,18260,91,88,"{1401, 1416}","{1325, 1492}"
10899,True,19304,103,98,"{1018, 1029}",{1404}
10718,True,19393,96,93,"{1382, 1466}","{1235, 1431}"
10533,True,18418,123,98,"{1107, 1186}","{1173, 1519, 1120}"
10524,False,18624,94,99,"{1191, 1423, 1437}","{1392, 1341}"
10406,False,16982,100,103,"{1368, 1443}","{1030, 1075}"
10207,False,19911,89,111,"{1519, 1433}","{1404, 1429}"
10926,True,19812,102,89,{1019},"{1392, 1194}"
10707,True,18165,109,105,"{1074, 1082}","{1338, 1285}"
10157,True,12241,90,88,"{1422, 1491}","{1011, 1076}"
10474,True,22206,102,100,"{1394, 1208}","{1015, 1082}"
10779,False,11926,102,116,"{1235, 1339}","{1457, 1465}"
11082,False,17857,95,112,"{1486, 1341}","{1055, 1071, 1075}"
10045,False,12576,96,103,"{1422, 1491}","{1197, 1347}"
10141,True,16722,105,81,{1369},"{1338, 1337}"
10176,True,19600,116,109,"{1360, 1073}","{1393, 1426, 1098}"
10021,False,16898,103,113,"{1423, 1367}","{1388, 1428}"
10564,True,19393,115,110,"{1382, 1466}","{1404, 1429}"
10267,False,12559,86,96,"{1030, 1071}","{1307, 1146}"
10343,False,17752,78,103,"{1030, 1066}","{1325, 1351}"
10244,False,16841,82,84,"{1383, 1279, 1444}","{1388, 1146, 1446}"
10541,True,17499,91,84,"{1001, 1096, 1086}","{1338, 1130}"
11015,True,11740,96,86,"{1347, 1429, 1233}","{1001, 1016, 1024, 1263, 1086}"
10061,True,19596,112,108,"{1340, 1418}","{1018, 1083}"
10335,False,17111,99,123,"{1001, 1395, 1096}","{1129, 1416}"
10890,True,16849,126,92,"{1328, 1416}","{1105, 1353}"
10997,True,17118,103,98,"{1015, 1048}","{1180, 1215}"
10587,True,15977,103,101,"{1001, 1096, 1086}","{1392, 1341}"
10874,True,17101,111,106,"{1105, 1353}","{1001, 1024, 1096}"
11214,True,18765,102,98,"{1280, 1219}","{1135, 1297}"
10954,True,18203,120,108,"{1404, 1234}","{1018, 1029, 1083}"
10302,False,16394,104,116,"{1383, 1161}","{1009, 1047}"
10473,False,18624,104,112,"{1423, 1437}","{1490, 1306}"
11183,True,18152,112,109,{1223},{1152}
10995,True,18042,124,81,"{1494, 1278}","{1392, 1503}"
10458,True,19632,108,98,"{1328, 1416}","{1490, 1306}"
10554,False,17317,116,128,"{1393, 1426}","{1304, 1418}"
11016,False,10521,94,99,"{1520, 1165}","{1383, 1153}"
10836,True,18717,108,101,"{1406, 1233}","{1490, 1387}"
10710,False,20798,105,108,"{1495, 1520}","{1418, 1421}"
10879,False,16662,102,111,"{1015, 1082}","{1382, 1466}"
10162,True,19812,102,94,{1019},"{1263, 1416}"
11120,False,19911,96,103,"{1173, 1519, 1433}","{1202, 1221, 1418}"
11129,False,19031,89,98,"{1486, 1341}","{1021, 1054}"
11041,True,19800,105,100,"{1171, 1230}",{1106}
11123,False,17234,94,114,"{1015, 1082}",{1354}
10222,True,18846,100,91,{1443},{1019}
10050,False,19812,84,94,{1006},"{1386, 1492}"
10036,False,17906,90,101,"{1382, 1336}",{1408}
10411,False,21825,102,105,"{1394, 1397}","{1309, 1422}"
10084,True,18047,114,99,"{1030, 1071}","{1383, 1444}"
11071,True,18203,113,91,"{1297, 1331}","{1173, 1519, 1433}"
10627,False,16802,94,97,"{1105, 1369}","{1015, 1082}"
10398,True,18119,96,84,"{1001, 1086}","{1015, 1082}"
10860,True,18123,103,88,"{1055, 1071, 1075}","{1125, 1208}"
10086,True,20454,107,98,"{1046, 1047}","{1456, 1448, 1465}"
10288,False,21770,96,102,"{1384, 1394}","{1129, 1416}"
10119,True,18846,101,99,{1303},"{1117, 1440}"
10624,False,12844,104,110,"{1338, 1224}","{1404, 1429}"
11057,True,20562,113,104,{1150},"{1347, 1233, 1262}"
10981,True,19800,112,104,"{1388, 1171}","{1152, 1358}"
10553,False,14100,95,108,"{1495, 1520}","{1324, 1171}"
10909,True,19600,108,92,"{1152, 1358}","{1105, 1353}"
10391,True,12770,99,95,"{1414, 1339}","{1252, 1393, 1426}"
11036,True,20351,132,120,"{1021, 1054}","{1382, 1466}"
10653,True,17768,97,84,"{1129, 1416}",{1019}
10192,True,19673,96,91,"{1073, 1295}","{1520, 1420, 1447}"
10283,False,20339,96,100,"{1009, 1047}",{1391}
10327,False,16041,103,109,"{1383, 1279}","{1391, 1267}"
10034,True,16013,101,91,"{1096, 1073}","{1422, 1491}"
10620,True,18119,101,99,"{1001, 1395}",{1465}
10996,True,14560,131,114,"{1309, 1167}","{1520, 1165}"
10807,False,18997,113,119,"{1490, 1387}","{1386, 1219}"
10143,True,18311,108,99,"{1383, 1444}",{1114}
11112,True,20435,91,89,"{1021, 1054}","{1019, 1077, 1447}"
10805,True,17732,109,98,"{1258, 1309, 1167}",{1019}
10846,False,19805,103,116,"{1021, 1046}",{1404}
10988,True,19596,125,107,"{1202, 1221}","{1499, 1456, 1465}"
10382,True,15817,109,99,"{1136, 1416, 1129}","{1388, 1146, 1446}"
10831,True,19800,98,85,"{1388, 1171}","{1001, 1024}"
10009,True,19724,104,94,"{1436, 1295}","{1323, 1416}"
10135,True,17131,111,109,"{1198, 1393}","{1422, 1491}"
10258,True,10187,92,74,"{1406, 1233}","{1338, 1337}"
10914,False,14163,120,121,"{1338, 1141}","{1309, 1167}"
10613,True,18418,112,83,"{1386, 1351}","{1007, 1047}"
10499,True,18165,94,82,"{1015, 1082}","{1392, 1341}"
10726,True,18418,107,92,"{1386, 1131}","{1368, 1443}"
10812,True,17764,110,104,"{1332, 1359}","{1031, 1037}"
10031,True,18418,102,75,"{1386, 1492}","{1422, 1491}"
10350,True,18717,108,95,"{1238, 1233}","{1205, 1418}"
10443,True,20392,118,111,"{1007, 1047}","{1394, 1208}"
10865,False,16511,94,103,{1520},"{1285, 1284}"
10309,False,19812,97,104,{1019},"{1009, 1031}"
10674,False,15267,98,102,"{1309, 1167, 1422}","{1360, 1271, 1164}"
10493,True,16986,103,91,"{1383, 1153, 1279}","{1368, 1443}"
10715,True,19937,105,87,"{1360, 1358, 1164}","{1035, 1075}"
11142,False,16329,87,106,"{1167, 1169}","{1471, 1499, 1456, 1457, 1465}"
10298,False,17732,98,114,"{1258, 1422}","{1205, 1418}"
11101,True,11141,121,116,"{1235, 1339}","{1105, 1353}"
10676,False,18997,90,92,"{1490, 1117}","{1031, 1053}"
10853,True,19800,114,105,"{1388, 1171}","{1235, 1339}"
10732,True,18306,107,95,"{1382, 1466}","{1406, 1233}"
11221,False,20346,91,96,"{1021, 1054}","{1131, 1219}"
10952,True,19596,115,94,"{1202, 1418}","{1173, 1519, 1433}"
10316,False,16415,88,125,"{1001, 1395, 1096}","{1404, 1297}"
10342,False,19911,90,94,"{1519, 1433}","{1404, 1297}"
10703,True,19393,109,91,"{1382, 1466}","{1129, 1207}"
10144,False,14436,96,97,"{1075, 1076}","{1519, 1433}"
10835,True,19600,101,93,"{1152, 1358}","{1015, 1074, 1082}"
10363,True,15397,112,95,"{1001, 1086}","{1383, 1153, 1279}"
10489,True,22443,108,81,"{1394, 1397}","{1006, 1019}"
10427,False,18165,106,108,"{1015, 1082}","{1252, 1393, 1426}"
10925,False,16680,94,106,"{1456, 1465}","{1173, 1519, 1433}"
10592,True,18624,117,103,"{1423, 1437}","{1105, 1369}"
10772,False,13057,110,117,"{1071, 1075}","{1140, 1443}"
10388,True,19596,121,112,"{1205, 1418}","{1238, 1233}"
10201,True,14163,127,122,"{1323, 1416}","{1393, 1426}"
10572,False,16044,91,107,"{1001, 1096, 1086}","{1391, 1330, 1344, 1179}"
10401,True,16987,109,101,"{1383, 1153, 1279}","{1401, 1416}"
10013,False,18055,95,111,{1408},"{1046, 1054}"
10579,True,18004,112,110,"{1338, 1285}","{1418, 1421}"
10970,False,17081,100,107,"{1393, 1426, 1098}",{1106}
10923,False,19236,97,107,"{1018, 1029}","{1055, 1071}"
10588,False,18689,103,106,"{1368, 1443}","{1324, 1171}"
10431,True,16686,115,89,"{1453, 1465}","{1382, 1104}"
10033,True,19060,114,109,"{1018, 1083}","{1393, 1426}"
11138,False,15607,106,115,"{1338, 1141}","{1247, 1212}"
10922,True,20562,120,103,{1150},"{1405, 1215}"
10709,True,18037,105,103,"{1457, 1465}","{1309, 1167, 1422}"
10844,True,21560,109,104,"{1125, 1208}",{1284}
10260,False,19911,103,106,"{1519, 1433}","{1205, 1418}"
10980,True,18418,93,85,"{1386, 1492}","{1297, 1234}"
10011,True,18203,112,106,"{1404, 1432}","{1325, 1492}"
10089,False,15207,97,105,"{1520, 1345, 1447}",{1106}
10224,True,18418,88,83,"{1386, 1325}","{1047, 1054}"
11180,True,16347,102,98,"{1327, 1338, 1141}","{1280, 1219}"
11054,True,18203,111,107,"{1297, 1331}","{1391, 1507}"
11204,True,20562,109,94,{1150},"{1055, 1071, 1075}"
10591,False,17894,101,103,"{1173, 1519}","{1393, 1426}"
10713,True,19325,120,93,"{1018, 1029}","{1394, 1208}"
11223,True,18311,116,81,"{1391, 1143}","{1247, 1098}"
10794,True,15256,100,96,"{1457, 1465}","{1173, 1519, 1433}"
11137,False,22197,90,94,"{1208, 1156}","{1486, 1341}"
10933,True,19820,103,98,"{1152, 1358}","{1520, 1254}"
10046,True,19596,119,69,"{1340, 1418}","{1096, 1073}"
10012,False,18846,87,88,{1368},"{1383, 1444}"
11159,False,15061,80,109,"{1124, 1347, 1429}",{1415}
10167,True,17107,108,103,"{1245, 1391, 1344}","{1170, 1466}"
10381,False,17899,94,104,"{1519, 1120}","{1449, 1465}"
10563,False,19226,85,95,"{1495, 1520}","{1400, 1415}"
10041,False,18997,93,103,"{1427, 1440}","{1007, 1046}"
10921,True,22203,108,100,"{1384, 1208}",{1143}
10800,True,18203,121,95,"{1404, 1316}","{1457, 1465}"
10285,True,17906,114,108,"{1448, 1465}","{1400, 1407, 1441}"
11178,True,18337,113,99,"{1416, 1216}","{1167, 1491, 1169}"
10462,False,19975,105,111,"{1271, 1073, 1300}","{1309, 1422}"
10262,False,20562,85,97,"{1407, 1441}","{1383, 1279}"
10956,False,17105,97,128,"{1105, 1353}",{1019}
10255,True,14818,116,105,"{1409, 1341}","{1391, 1344}"
10292,True,16223,106,91,"{1238, 1233}",{1019}
10325,True,19800,97,94,"{1388, 1146, 1446}","{1325, 1351}"
10640,False,16140,101,102,"{1338, 1224}","{1001, 1395, 1096}"
10583,True,19393,99,85,"{1382, 1466}","{1173, 1519}"
11107,True,18201,88,82,"{1486, 1341}","{1135, 1297}"
11171,True,16846,121,103,"{1383, 1110}","{1167, 1148, 1491, 1169}"
10586,True,19596,116,98,"{1418, 1421}","{1253, 1440}"
11032,True,18119,113,102,"{1001, 1016, 1024, 1263, 1086, 1010}","{1018, 1029}"
10888,False,17317,116,131,"{1393, 1426}",{1404}
10481,True,18418,112,79,"{1480, 1131}","{1105, 1369}"
10065,False,18203,98,103,"{1404, 1429}","{1388, 1428}"
10949,True,17790,116,96,"{1512, 1215}","{1001, 1024, 1086}"
10804,False,19043,111,115,"{1357, 1071}","{1152, 1358, 1164}"
10395,True,18418,115,107,"{1480, 1351}","{1018, 1083}"
10532,False,18598,98,109,"{1382, 1514}","{1018, 1029, 1083}"
10771,True,16021,96,94,"{1140, 1443}","{1035, 1071}"
11140,True,19633,110,93,"{1382, 1170}",{1152}
10558,True,19060,114,111,"{1018, 1029}",{1465}
10869,False,21962,95,103,"{1125, 1208}","{1382, 1466}"
10506,True,18997,97,77,"{1117, 1440}","{1105, 1408}"
10731,False,15897,97,104,"{1105, 1116}","{1388, 1171, 1307}"
10174,True,20562,115,100,"{1407, 1441}","{1396, 1406}"
10521,True,21686,117,106,"{1394, 1397}","{1238, 1233}"
11163,False,19381,86,88,"{1173, 1519}","{1280, 1492}"
10228,False,17121,80,91,"{1338, 1130, 1337}","{1131, 1219}"
11106,False,20562,100,106,{1101},"{1391, 1267}"
10195,True,14866,111,101,"{1422, 1491}","{1423, 1192}"
10418,False,19124,107,111,"{1338, 1141, 1137}","{1306, 1294}"
10098,False,12016,107,117,"{1030, 1075}","{1414, 1339}"
10266,False,19393,112,115,"{1348, 1466}","{1009, 1047}"
10544,False,16895,86,91,{1465},"{1015, 1082}"
10946,True,19393,116,109,"{1382, 1466}","{1153, 1284}"
10816,True,19911,111,93,"{1173, 1519, 1043}",{1215}
10379,True,16019,113,98,"{1368, 1443}","{1401, 1416, 1129}"
10104,False,17317,88,106,"{1198, 1390}","{1386, 1492}"
11176,False,17317,97,105,"{1247, 1393}","{1235, 1339}"
10142,True,18418,92,83,"{1219, 1111}","{1520, 1420, 1447}"
11124,True,16269,101,95,"{1471, 1499, 1456, 1457, 1465}","{1338, 1141, 1337}"
10319,True,17404,99,81,"{1129, 1416}","{1073, 1295}"
10917,True,16366,116,101,"{1429, 1233}","{1235, 1339}"
10920,True,19800,117,115,"{1388, 1171}","{1382, 1466}"
10760,True,19596,116,108,"{1202, 1421}","{1404, 1316}"
11052,True,18997,107,100,"{1387, 1294}","{1001, 1016, 1024, 1086}"
10117,False,18155,98,106,"{1330, 1344}","{1422, 1491}"
10534,False,20356,115,121,"{1383, 1153, 1178}","{1400, 1415}"
10085,False,21988,93,102,"{1394, 1357}","{1199, 1339}"
11147,False,18997,100,107,"{1387, 1241}","{1191, 1367}"
10505,False,11883,106,112,"{1338, 1137}","{1382, 1104}"
11011,True,14383,116,98,"{1055, 1071, 1075}","{1338, 1141}"
10689,True,16683,102,73,"{1173, 1519}","{1129, 1416}"
11175,True,19771,106,98,{1152},"{1317, 1208}"
11088,True,18846,111,89,{1106},"{1384, 1208}"
10829,False,16224,111,118,"{1385, 1105, 1353}","{1386, 1219}"
10808,True,18119,109,104,"{1001, 1024, 1072}","{1235, 1339}"
11003,True,16148,107,99,"{1401, 1416}",{1106}
10058,False,17317,89,103,"{1098, 1393}","{1096, 1073}"
11077,True,19918,108,97,{1152},{1106}
10202,True,20562,117,103,"{1407, 1441}",{1443}
10278,True,19206,123,111,"{1382, 1466}","{1015, 1082}"
10484,False,18313,110,114,{1391},"{1205, 1418}"
10016,True,19800,106,99,"{1388, 1428}","{1015, 1064}"
11184,False,16076,102,109,"{1520, 1165}","{1013, 1077, 1447}"
10607,True,19911,109,82,"{1173, 1519}","{1253, 1440}"
10755,False,16647,93,107,"{1368, 1443}","{1018, 1029}"
10359,True,19822,104,94,"{1007, 1047}","{1372, 1408}"
10416,True,19911,110,89,"{1519, 1120}","{1372, 1408}"
10128,True,20260,90,82,"{1037, 1046}","{1387, 1440}"
10334,True,16184,96,83,"{1015, 1082}","{1358, 1271, 1073}"
11131,False,17077,95,99,"{1001, 1016, 1024, 1086}","{1388, 1171}"
10930,True,18386,123,103,"{1392, 1194}","{1382, 1466}"
11195,True,18165,129,105,"{1015, 1082}","{1167, 1491, 1169}"
10035,False,18406,120,134,"{1458, 1456, 1465}","{1340, 1418}"
11209,False,17288,101,105,"{1105, 1353}","{1098, 1154}"
10801,True,20562,106,95,{},"{1125, 1208}"
11126,True,19393,116,109,"{1348, 1170}",{1367}
10999,False,13522,89,107,"{1347, 1429, 1233}","{1388, 1171}"
10518,False,18832,78,91,"{1382, 1466}","{1395, 1096, 1086}"
11105,True,19911,123,75,"{1173, 1519, 1433}","{1387, 1241}"
10767,True,18418,106,102,"{1131, 1219}","{1490, 1427}"
10291,True,19600,99,84,"{1201, 1073, 1295}","{1400, 1407, 1441}"
10421,True,19800,103,99,"{1388, 1435, 1146}","{1031, 1047}"
10236,False,18055,116,135,"{1372, 1408}","{1418, 1421}"
11116,False,12252,79,99,"{1235, 1339}","{1018, 1029}"
10761,False,18308,79,96,"{1143, 1330, 1344}","{1248, 1302}"
10861,True,20298,122,116,"{1021, 1046}",{1338}
10134,True,16709,102,93,{1114},"{1519, 1200}"
10340,True,18418,109,87,"{1386, 1186}","{1306, 1151}"
10625,False,19886,79,91,"{1360, 1163, 1271}","{1406, 1233}"
10971,True,19911,114,93,"{1173, 1519, 1433}","{1153, 1278}"
10471,True,19812,108,96,{1006},"{1392, 1341}"
10535,True,21497,101,92,"{1394, 1397}","{1423, 1437}"
10028,False,17122,71,99,"{1520, 1345, 1447}","{1519, 1363}"
10351,False,19511,110,112,"{1382, 1466}",{1019}
10214,True,17588,84,80,"{1423, 1192}","{1520, 1420, 1447}"
10000,False,19187,94,106,"{1030, 1075}","{1409, 1320}"
11190,False,16932,100,121,"{1471, 1499, 1456, 1457, 1465}","{1105, 1353}"
11004,True,20562,99,98,{1150},"{1021, 1046}"
11110,True,17536,139,105,{1106},"{1309, 1167}"
11166,True,18165,123,109,"{1015, 1179}",{1101}
10791,False,19971,92,103,"{1392, 1341}","{1338, 1224}"
10969,True,14128,95,89,"{1520, 1165}","{1309, 1167}"
10913,True,20562,108,83,{1150},"{1383, 1284}"
11189,False,18119,99,100,"{1016, 1024, 1086}","{1340, 1418}"
10691,False,18997,91,114,"{1440, 1189}","{1394, 1208}"
11087,True,18203,111,92,"{1404, 1297}","{1131, 1219}"
10745,False,18420,96,99,"{1457, 1465}","{1490, 1427}"
10513,True,19596,111,101,"{1304, 1418}","{1129, 1416}"
11022,False,18997,90,95,"{1387, 1117}","{1105, 1353}"
10821,False,16663,95,103,"{1235, 1339}",{1019}
11208,True,18374,107,98,{1223},"{1124, 1347, 1429}"
10626,True,14255,114,99,{1465},"{1414, 1339}"
10525,False,14544,74,91,"{1309, 1167, 1422}","{1324, 1171}"
10475,False,19145,117,122,"{1328, 1416}","{1029, 1083}"
10854,True,18157,112,107,"{1215, 1367}","{1406, 1233}"
10688,True,18418,130,99,"{1386, 1131}","{1267, 1330}"
11056,False,21788,107,115,"{1384, 1208}","{1019, 1077, 1447}"
10425,True,20562,91,84,"{1400, 1415}",{1052}
10680,True,19393,112,97,"{1382, 1466}","{1393, 1426}"
10500,True,19212,130,99,"{1029, 1083}","{1520, 1296}"
10747,False,19393,103,110,"{1466, 1302}","{1388, 1171, 1307}"
10998,False,18997,98,106,"{1387, 1117}","{1393, 1426}"
11020,True,15982,115,108,"{1392, 1341}","{1393, 1426}"
10966,True,19175,101,94,"{1018, 1029, 1083}",{1019}
10190,False,18226,102,107,"{1245, 1391, 1344}",{1019}
10064,True,12437,91,87,"{1197, 1347}","{1520, 1345, 1447}"
10146,True,18997,97,85,"{1387, 1440}","{1409, 1341}"
10968,False,18203,96,99,"{1404, 1297, 1234}","{1235, 1339}"
10811,False,18203,98,101,"{1297, 1316}","{1015, 1074, 1082}"
11200,False,18658,86,92,"{1280, 1131}","{1304, 1418}"
10268,True,21349,99,90,"{1384, 1394}","{1338, 1337}"
10523,False,18997,88,109,"{1117, 1176}","{1304, 1418}"
11073,True,17209,112,105,"{1486, 1341}","{1401, 1416}"
10815,True,17317,116,110,"{1393, 1426}","{1338, 1224}"
10403,True,20562,108,86,"{1400, 1150}","{1520, 1345, 1296}"
10442,True,19091,98,92,"{1401, 1416}","{1395, 1086}"
10940,True,19596,119,113,"{1202, 1221}",{1106}
10693,True,15636,114,105,"{1457, 1465}","{1393, 1426}"
11067,True,17732,104,95,"{1167, 1491}",{1150}
10725,True,16827,111,104,"{1393, 1426}","{1406, 1233}"
10511,True,20562,122,100,"{1400, 1415}","{1324, 1171}"
11122,False,18244,100,103,"{1391, 1267}","{1384, 1208}"
10895,False,19812,85,104,"{1006, 1019}","{1382, 1466}"
10072,False,11794,84,96,"{1414, 1339}","{1299, 1210}"
11103,True,19393,105,93,"{1348, 1170}","{1393, 1426}"
10015,False,17458,104,111,"{1393, 1426}","{1018, 1083}"
10964,True,18189,118,103,"{1328, 1416}","{1392, 1341}"
10232,False,17684,101,116,"{1001, 1395, 1096}","{1067, 1071}"
10114,True,16643,95,93,"{1401, 1416}",{1019}
10438,True,19845,94,88,"{1358, 1271}",{1465}
10768,True,18624,128,119,"{1423, 1367}","{1393, 1426}"
11179,True,20211,103,93,"{1021, 1054}","{1016, 1024, 1086}"
10069,True,21861,104,98,"{1394, 1357}","{1404, 1429}"
11118,True,18418,100,92,"{1361, 1266}","{1471, 1499, 1456, 1457, 1465}"
10616,False,20562,98,132,{1415},"{1418, 1421}"
10903,True,16072,102,89,{1226},"{1125, 1208}"
10368,False,11323,100,112,"{1414, 1339}","{1338, 1137, 1337}"
10749,True,14432,128,119,"{1309, 1167}","{1393, 1426}"
10629,False,23152,94,125,"{1394, 1208}","{1418, 1421}"
10290,True,19146,103,101,"{1018, 1056}","{1368, 1443}"
10295,True,18418,108,105,"{1480, 1325}","{1423, 1192}"
10322,False,14224,95,109,"{1238, 1233}","{1018, 1083}"
11216,True,18624,98,88,"{1521, 1367}","{1152, 1358}"
11000,True,16988,116,110,{1106},"{1338, 1141}"
10156,True,18418,93,80,"{1386, 1492}","{1170, 1466}"
10806,True,21849,116,106,"{1125, 1208}","{1388, 1171}"
10336,True,16875,107,105,"{1459, 1465}","{1383, 1278, 1279}"
10862,False,18165,95,96,"{1015, 1082}","{1328, 1416}"
10512,True,14301,115,89,"{1392, 1341}","{1368, 1443}"
11215,True,19800,122,98,"{1388, 1307}","{1520, 1165}"
11051,False,15739,100,105,"{1167, 1362}","{1401, 1416}"
10619,True,19060,140,132,"{1018, 1029}","{1391, 1344}"
11001,True,18418,108,87,"{1386, 1492}","{1018, 1029, 1083}"
10052,True,15136,130,105,"{1401, 1416}","{1394, 1357}"
10439,False,18203,96,105,"{1404, 1297}","{1394, 1208}"
10306,True,14389,90,88,"{1238, 1233}","{1382, 1466}"
11086,False,19812,93,107,"{1019, 1077, 1447}",{1407}
10778,False,15892,106,112,"{1001, 1395, 1096}","{1466, 1302}"
10276,False,17013,83,103,"{1001, 1096}","{1480, 1351}"
10782,False,19394,119,121,"{1021, 1031}","{1173, 1519, 1433}"
10191,True,17137,123,86,"{1015, 1082}","{1396, 1406}"
10759,True,20562,99,84,{1249},"{1457, 1465}"
10231,True,19162,111,90,"{1018, 1083}","{1448, 1465}"
10944,True,18997,107,98,"{1387, 1189}",{1106}
10790,True,20562,120,111,{1249},"{1387, 1427}"
11040,False,15103,105,120,"{1520, 1165}","{1180, 1410}"
10018,True,19218,104,88,"{1018, 1083}","{1046, 1054}"
11063,True,18191,119,107,"{1105, 1353}","{1387, 1294}"
11053,False,16867,99,113,"{1499, 1456, 1457, 1465}",{1152}
10317,True,16505,114,106,"{1252, 1393}","{1519, 1433}"
10642,False,16779,89,117,"{1105, 1369}","{1131, 1186}"
10170,False,11080,85,112,"{1520, 1420, 1447}","{1015, 1082}"
10478,True,18397,100,93,{1443},"{1309, 1422}"
10393,False,17880,97,107,"{1520, 1345, 1296}",{1019}
11027,True,18067,109,97,"{1055, 1071, 1075}","{1391, 1507}"
11164,True,18624,104,97,{1195},"{1471, 1499, 1456, 1457, 1465}"
10138,False,18231,98,110,"{1245, 1330, 1344}","{1046, 1054}"
11181,True,18207,112,99,{1341},"{1278, 1110}"
10122,True,17317,101,92,"{1198, 1390}","{1409, 1341}"
11169,False,16553,104,108,{1354},"{1486, 1341}"
10655,True,14646,104,101,"{1338, 1285}","{1392, 1341}"
10562,True,19812,100,88,{1019},"{1238, 1233}"
10931,True,18997,112,95,"{1387, 1189}","{1202, 1418}"
10277,True,19600,97,95,"{1201, 1073, 1295}","{1404, 1297}"
10020,True,17024,97,94,"{1040, 1050}","{1323, 1416}"
10838,False,19812,95,122,"{1006, 1019}","{1388, 1171}"
10539,False,13907,77,83,"{1309, 1167, 1422}","{1368, 1443}"
10753,True,19155,115,110,"{1338, 1424, 1224}","{1394, 1208}"
10067,False,19911,92,108,"{1519, 1363}","{1382, 1336}"
10384,False,18997,87,107,"{1490, 1306}",{1391}
10498,True,19596,111,108,"{1304, 1418}","{1338, 1137}"
10497,False,20152,98,105,"{1031, 1047}",{1465}
10432,True,17061,104,101,{1443},{1391}
10172,True,18418,109,98,"{1219, 1325}","{1338, 1166, 1337}"
10646,False,20284,106,109,"{1021, 1037}","{1404, 1297}"
10882,True,20356,113,99,"{1494, 1284}",{1150}
10373,True,13120,119,116,"{1409, 1341}","{1423, 1192}"
10965,True,19596,128,112,"{1202, 1418}","{1382, 1466}"
10654,False,20562,83,96,{1415},"{1394, 1208}"
11219,True,17372,117,103,"{1136, 1416}",{1114}
10924,True,15987,132,118,"{1235, 1339}","{1309, 1167}"
10967,True,18119,121,114,"{1001, 1024}","{1499, 1456, 1465}"
10708,True,18119,121,117,"{1001, 1395, 1096}","{1393, 1426}"
11091,True,19596,117,105,"{1202, 1221, 1418}","{1520, 1165}"
11224,True,18997,101,96,"{1387, 1241}","{1519, 1120}"
10681,True,19800,106,89,"{1388, 1171}","{1383, 1153, 1178}"
10049,False,18903,101,106,"{1414, 1339}","{1382, 1336}"
10728,True,18229,115,102,"{1391, 1267, 1119}","{1360, 1358, 1164}"
10095,True,19812,99,95,{1002},"{1387, 1440}"
10358,True,21166,115,96,"{1394, 1397}","{1520, 1345}"
11059,True,16609,118,102,"{1311, 1211}",{1106}
10447,True,18248,110,108,{1465},"{1391, 1267, 1330}"
10127,True,21749,102,97,"{1394, 1397}","{1416, 1207}"
10223,False,16338,114,120,"{1193, 1372}","{1448, 1465}"
10618,False,18935,101,111,"{1392, 1341}","{1394, 1208}"
10648,True,17196,102,98,"{1391, 1344}","{1406, 1233}"
10111,False,20356,101,125,"{1383, 1444}","{1404, 1429}"
10314,False,13925,74,85,"{1338, 1227, 1337}","{1368, 1443}"
10717,True,18846,119,114,"{1368, 1443}","{1405, 1423}"
10910,False,17781,86,94,"{1456, 1465}","{1386, 1219}"
10270,True,13985,127,122,"{1409, 1341}","{1193, 1157}"
10060,True,20562,96,86,"{1407, 1441}",{1002}
10221,True,18203,110,99,"{1404, 1429}","{1422, 1491}"
10032,False,14412,76,97,"{1015, 1064}","{1519, 1433}"
11025,False,20388,97,111,"{1520, 1165}","{1404, 1135}"
10716,False,19812,95,116,"{1013, 1019}","{1202, 1418, 1421}"
10962,False,18624,98,102,"{1215, 1367}","{1391, 1143}"
10912,True,19099,108,101,"{1328, 1416}","{1015, 1082}"
10204,True,12319,109,88,"{1396, 1406}","{1409, 1341}"
10906,True,19800,104,94,"{1388, 1171}","{1173, 1519, 1433}"
10958,True,11582,116,98,"{1338, 1141}","{1105, 1353}"
10459,True,20300,103,93,"{1047, 1084}","{1406, 1233}"
10634,True,18203,109,95,"{1404, 1429}","{1129, 1416}"
10694,True,19800,103,93,"{1324, 1388}",{1019}
10297,True,19500,122,119,"{1519, 1433}","{1015, 1082}"
10211,True,17381,110,96,"{1001, 1096}","{1031, 1047}"
11117,True,17185,120,111,"{1393, 1426}","{1383, 1494}"
10457,True,21898,104,97,"{1394, 1208}","{1388, 1435}"
10515,False,14718,98,123,"{1406, 1233}","{1480, 1186}"
10950,True,16335,122,113,"{1328, 1416}","{1499, 1456, 1465}"
10217,False,18143,93,102,"{1391, 1344}","{1001, 1096}"
10099,True,9153,108,104,"{1338, 1337}","{1336, 1466}"
10328,True,13266,100,91,"{1309, 1422}","{1520, 1345, 1296}"
10898,True,18226,100,95,{1391},"{1456, 1465}"
10073,True,19393,115,96,"{1382, 1336}","{1001, 1096}"
10754,False,19812,85,91,"{1008, 1019}","{1001, 1395, 1096}"
10792,False,15653,95,117,"{1015, 1074, 1082}","{1401, 1129}"
10675,False,15448,89,91,"{1015, 1074}","{1018, 1029}"
10828,False,17242,102,105,"{1332, 1354}","{1015, 1074, 1082}"
10377,True,19812,107,102,{1019},"{1414, 1339}"
10904,False,11143,99,119,{1520},"{1328, 1416}"
10491,True,19748,106,82,"{1271, 1436, 1073}","{1007, 1047}"
10697,True,20409,91,79,"{1031, 1037}","{1309, 1167, 1422}"
11182,True,18607,110,102,"{1471, 1499, 1456, 1457, 1465}","{1387, 1241}"
11173,True,19596,112,101,"{1418, 1421}","{1280, 1325}"
11079,True,18418,110,104,"{1280, 1111}","{1001, 1016, 1024, 1086}"
10704,True,18850,103,90,"{1173, 1519, 1433}","{1235, 1431}"
11061,False,18151,87,89,"{1391, 1267}","{1173, 1519, 1433}"
10483,True,15475,115,90,"{1392, 1341}","{1235, 1339}"
10690,True,15196,111,92,"{1015, 1074}","{1035, 1075}"
11206,False,16867,116,121,"{1471, 1499, 1456, 1457, 1465}","{1384, 1208}"
10249,True,15322,92,84,"{1001, 1096}","{1520, 1420, 1447}"
10396,True,19169,97,88,"{1519, 1120}","{1338, 1137, 1337}"
10371,False,15113,98,104,"{1309, 1422}","{1271, 1073}"
10185,True,16698,104,90,"{1456, 1448, 1465}","{1386, 1219}"
10218,False,19060,91,102,"{1018, 1083}","{1519, 1433}"
10798,True,19393,116,103,"{1382, 1466}","{1143, 1344}"
10820,True,19710,114,94,"{1152, 1358}","{1383, 1284}"
10315,False,18165,123,131,"{1015, 1082}","{1205, 1418}"
10056,False,19600,92,98,"{1210, 1295}","{1067, 1075}"
10986,False,17023,99,108,"{1393, 1426}","{1173, 1519, 1433}"
11127,False,19427,108,110,"{1055, 1071, 1075}",{1415}
10813,False,17102,100,116,"{1385, 1105, 1353}","{1391, 1143}"
10516,False,18203,104,116,"{1102, 1404}","{1393, 1426}"
10514,True,19874,103,100,"{1271, 1164}","{1015, 1082}"
10044,True,19800,106,87,"{1388, 1428}","{1396, 1335}"
11085,False,17009,91,115,"{1499, 1456, 1457, 1465}","{1171, 1260}"
10701,True,19812,102,84,"{1013, 1019}","{1105, 1116}"
10177,True,18361,120,95,"{1423, 1437, 1367}","{1422, 1491}"
10979,True,19452,121,84,"{1382, 1466}",{1106}
10892,True,19596,109,105,"{1202, 1221}","{1055, 1071}"
10208,True,18968,121,97,"{1011, 1071}","{1423, 1192}"
10603,True,21584,113,95,"{1392, 1341}","{1418, 1421}"
10510,False,15448,94,103,"{1309, 1167, 1422}","{1191, 1423, 1437}"
11047,True,13577,92,91,"{1392, 1341}","{1347, 1233, 1262}"
10026,False,13858,113,118,"{1396, 1335}","{1383, 1444}"
11017,True,18418,118,110,"{1386, 1492}","{1382, 1466}"
10832,False,19330,92,102,{1071},"{1202, 1421}"
10362,True,16598,106,90,"{1015, 1082}","{1388, 1146, 1446}"
10628,False,17732,78,91,"{1309, 1167, 1422}",{1415}
11100,True,20003,110,99,{1152},"{1167, 1491}"
10476,True,20494,114,91,"{1047, 1084}","{1205, 1418}"
10126,True,17138,106,93,"{1423, 1367}","{1055, 1075}"
10656,True,15608,106,101,"{1414, 1438}","{1001, 1395, 1096}"
10679,True,10851,113,103,"{1520, 1165}","{1105, 1116}"
11030,True,17559,115,103,"{1392, 1341}","{1309, 1167}"
10612,True,18203,99,74,"{1404, 1429}","{1163, 1271, 1073}"
11160,True,10978,107,93,"{1520, 1165}","{1471, 1499, 1456, 1457, 1465}"
10900,True,15310,104,98,"{1001, 1024, 1086}","{1393, 1426}"
11008,False,16588,108,114,"{1001, 1016, 1024, 1263, 1086}","{1235, 1339}"
10939,False,20002,90,109,"{1021, 1046}","{1018, 1029, 1083}"
11031,False,18165,111,115,"{1015, 1082}","{1404, 1297}"
10495,False,19387,90,109,"{1129, 1416}","{1404, 1429}"
10721,True,10007,112,93,"{1338, 1224}","{1388, 1171}"
10441,False,17732,96,111,"{1309, 1422}","{1383, 1153, 1279}"
10566,False,21409,100,114,"{1394, 1397}","{1383, 1153, 1178}"
10341,True,19800,90,83,"{1171, 1146}","{1238, 1233}"
11069,True,19359,96,94,"{1018, 1029, 1083}","{1382, 1170}"
11172,True,17864,95,87,"{1055, 1071, 1075}","{1388, 1307}"
10978,False,16087,111,125,"{1520, 1165}","{1392, 1503}"
10366,False,18624,77,89,"{1423, 1192}","{1400, 1407}"
11029,False,19271,93,101,"{1401, 1416}","{1338, 1141}"
10830,True,19470,115,111,"{1382, 1466}","{1173, 1519, 1433}"
10764,True,17876,112,105,"{1235, 1339}","{1125, 1208}"
10414,False,19812,99,107,{1052},"{1368, 1443}"
10880,False,19812,81,98,"{1002, 1019}","{1152, 1358}"
10490,True,18997,93,84,"{1306, 1117}","{1520, 1296}"
11037,False,14124,85,94,"{1347, 1429, 1233}","{1173, 1519, 1433}"
10417,True,15124,113,99,"{1383, 1153, 1279}","{1252, 1393, 1426}"
10194,True,18418,92,82,"{1107, 1492}","{1001, 1096}"
10840,False,13745,115,124,{1520},{1354}
10454,True,18119,112,96,"{1395, 1086}","{1490, 1306}"
11168,False,19812,97,111,"{1013, 1077, 1447}","{1136, 1416}"
10160,False,19600,91,103,"{1360, 1073}","{1414, 1339}"
10386,False,21534,144,147,"{1394, 1397}","{1409, 1341}"
10947,True,19800,104,99,"{1388, 1171}","{1309, 1167}"
11084,False,14694,84,93,"{1235, 1339}","{1173, 1519, 1433}"
11075,True,18230,112,109,"{1391, 1267}","{1171, 1260}"
10817,True,20356,98,86,"{1383, 1284}","{1392, 1341}"
10727,True,18811,105,96,"{1173, 1519, 1433}","{1394, 1208}"
10576,True,18624,103,94,"{1423, 1437}","{1015, 1082}"
10076,True,20562,108,102,"{1407, 1441}","{1520, 1345, 1447}"
10482,True,19800,94,91,"{1388, 1435}","{1383, 1153, 1279}"
10809,False,16370,95,98,"{1406, 1233}","{1328, 1416}"
10215,True,17064,101,87,"{1401, 1416}","{1383, 1444}"
10901,False,14263,99,104,"{1429, 1233}","{1015, 1082}"
11033,True,19737,122,101,{1152},{1150}
10372,True,21032,98,85,"{1394, 1397}","{1001, 1086}"
10852,False,17317,92,108,"{1393, 1426}","{1386, 1219}"
10008,False,18119,76,106,"{1096, 1073}","{1407, 1441}"
10338,False,17239,95,107,"{1520, 1345, 1296}","{1409, 1341}"
10546,False,20035,108,128,"{1382, 1466}","{1304, 1418}"
10565,False,15214,79,106,"{1309, 1167, 1422}","{1480, 1351}"
10242,True,18418,108,88,"{1386, 1351}","{1071, 1075}"
10871,False,17165,91,102,"{1406, 1233}","{1392, 1341}"
11090,True,19506,108,105,"{1382, 1170}","{1520, 1165}"
10235,True,16317,114,90,{1443},"{1396, 1406}"
10886,True,19060,105,95,"{1018, 1029, 1063}","{1309, 1167}"
10712,True,20137,91,78,"{1031, 1051}","{1105, 1116}"
10344,False,15689,100,105,"{1309, 1422}","{1018, 1083}"
10756,True,19911,84,81,"{1173, 1519, 1433}","{1406, 1233}"
10982,True,17066,104,75,"{1055, 1071, 1075}","{1015, 1082}"
10582,True,18203,108,89,"{1404, 1429}","{1045, 1054}"
10092,True,19456,89,79,"{1519, 1363}","{1001, 1096}"
10083,False,16983,110,116,"{1098, 1393}","{1245, 1143, 1344}"
10486,False,16920,89,95,{1465},"{1029, 1083}"
10507,True,19812,111,97,"{1006, 1019}","{1030, 1071}"
11132,True,16268,113,110,"{1124, 1347, 1429}",{1354}
10370,True,14827,127,106,"{1030, 1075}","{1520, 1345}"
10029,True,18055,110,92,{1408},"{1382, 1336}"
11018,True,18784,103,69,"{1173, 1519, 1433}","{1105, 1353}"
10479,True,19393,110,103,"{1382, 1104}","{1338, 1141}"
10113,False,17879,91,102,"{1191, 1423}","{1015, 1082}"
10942,True,16403,115,112,"{1456, 1465}","{1393, 1426}"
10108,False,14722,95,104,"{1235, 1339}","{1401, 1416}"
10843,True,15743,109,89,{1383},"{1456, 1465}"
11133,True,19812,105,91,"{1013, 1077, 1447}","{1167, 1169}"
10936,True,21672,100,90,"{1384, 1208}","{1429, 1233}"
10485,False,16348,116,120,"{1033, 1044}","{1406, 1233}"
10256,True,19060,102,87,"{1018, 1083}","{1348, 1466}"
11225,False,16569,92,97,"{1124, 1347, 1429}","{1044, 1048}"
10075,False,17732,98,104,"{1422, 1491}","{1387, 1440}"
10205,True,11382,100,95,"{1225, 1339}","{1520, 1420, 1447}"
10635,False,17746,87,96,"{1114, 1443}","{1495, 1520}"
10536,True,18155,103,94,"{1391, 1330, 1344, 1179}","{1173, 1519}"
10198,False,18997,93,107,"{1387, 1440}","{1170, 1466}"
10918,False,17546,84,102,{1114},"{1105, 1353}"
10250,False,19812,111,116,{1006},"{1391, 1344}"
10983,False,15241,100,109,"{1309, 1167}","{1347, 1429, 1233}"
11210,False,19911,92,101,"{1519, 1433}","{1021, 1054}"
11014,False,19848,106,109,{1152},"{1401, 1416}"
10007,False,18997,111,112,"{1490, 1427}","{1414, 1339}"
10100,True,19596,109,95,"{1467, 1418}","{1409, 1341}"
10822,False,16155,96,104,"{1309, 1167}","{1328, 1416}"
10766,False,16180,89,98,"{1105, 1353}","{1173, 1519, 1433}"
10504,True,18455,92,87,"{1173, 1519, 1120}","{1395, 1096, 1086, 1010}"
10040,False,18691,92,94,"{1401, 1416}","{1030, 1075}"
11109,False,17050,96,98,"{1015, 1082}","{1384, 1208}"
11076,False,18997,105,116,"{1387, 1294}","{1338, 1141}"
10107,False,11822,83,99,"{1124, 1347}","{1423, 1192}"
10329,True,21491,83,80,"{1394, 1397}","{1018, 1083}"
10658,True,17034,98,95,"{1105, 1369}","{1035, 1049}"
10361,False,13525,103,105,"{1409, 1341}","{1018, 1083}"
10795,False,17467,96,98,"{1140, 1303}","{1386, 1219}"
11080,False,20356,129,132,"{1383, 1494}","{1235, 1339}"
11177,True,18624,124,109,{1367},"{1124, 1347, 1429}"
11212,True,17906,102,90,"{1015, 1048}","{1013, 1077, 1447}"
10305,False,19600,103,114,"{1201, 1073, 1295}","{1383, 1161, 1279}"
10332,False,18624,119,124,"{1405, 1423, 1192}","{1205, 1418}"
11010,True,19556,117,96,"{1383, 1494}","{1113, 1208}"
10609,True,11104,129,126,"{1338, 1285, 1337}","{1015, 1082}"
10243,True,19911,101,87,"{1519, 1127}","{1448, 1465}"
10517,True,14013,109,99,"{1495, 1520}","{1339, 1438}"
10597,False,18165,104,118,"{1015, 1082}","{1383, 1161, 1178}"
11155,False,19596,117,124,"{1467, 1418}","{1235, 1339}"
10077,True,19596,119,104,"{1340, 1418}","{1338, 1337}"
10593,False,14749,104,116,"{1309, 1167, 1422}","{1382, 1466}"
10424,False,19082,89,102,"{1401, 1416, 1129}","{1203, 1192}"
10271,True,17339,108,101,"{1391, 1344}","{1448, 1465}"
10477,True,14326,94,80,"{1339, 1438}","{1173, 1519, 1120}"
10660,True,17419,108,97,"{1393, 1426}","{1015, 1082}"
10238,True,20562,90,88,"{1400, 1407, 1441}","{1422, 1375}"
10269,False,19542,99,116,"{1129, 1416}","{1205, 1418}"
10480,False,17317,105,110,"{1393, 1426}","{1520, 1296}"
11228,True,19571,107,99,"{1382, 1170}","{1338, 1141}"
10696,True,17729,113,94,"{1423, 1437}","{1368, 1443}"
10078,True,16914,90,87,"{1015, 1082}","{1210, 1436}"
10415,True,18418,106,92,"{1386, 1351}","{1015, 1082}"
10088,True,15228,94,86,"{1124, 1347}","{1422, 1491}"
10637,True,19800,115,109,"{1388, 1171}","{1405, 1423, 1437}"
10859,False,19911,78,96,"{1173, 1519, 1433}","{1386, 1219}"
10151,True,21660,96,95,"{1394, 1397}","{1015, 1082}"
10789,False,21709,90,113,"{1125, 1208}","{1071, 1075}"
11104,False,19800,100,119,"{1388, 1171, 1260}","{1404, 1297}"
10959,False,18997,108,120,"{1387, 1189}",{1150}
10700,False,17846,103,107,"{1406, 1233}","{1360, 1358, 1164}"
11185,True,19800,111,98,"{1171, 1138}","{1015, 1082}"
10744,True,17095,111,105,"{1392, 1341}","{1500, 1019}"
10825,False,16065,101,121,"{1338, 1224}",{1215}
10919,False,17610,102,112,"{1520, 1254}","{1152, 1358}"
10074,True,18624,118,98,"{1192, 1367}","{1383, 1444}"
10374,True,19596,128,103,"{1205, 1418}","{1372, 1408}"
10310,False,14449,68,119,"{1520, 1345}","{1131, 1111}"
10784,False,19723,101,119,"{1360, 1358}","{1386, 1219}"
10649,False,18997,95,108,{},{}
10118,False,18119,84,100,"{1299, 1395}","{1418, 1439}"
11197,True,19913,118,96,"{1152, 1358}",{1223}
10463,True,17606,104,89,{1443},{1465}
11218,True,21777,115,105,"{1384, 1208}","{1520, 1165}"
10793,True,11171,117,112,"{1235, 1339}","{1171, 1307}"
10774,True,15886,108,91,"{1401, 1129}","{1125, 1208}"
11188,True,22186,105,102,"{1384, 1208}",{1150}
11130,False,19596,106,109,"{1202, 1221, 1418}",{1367}
10257,False,19600,95,105,"{1201, 1295}","{1423, 1192}"
10346,False,18490,93,98,"{1129, 1416}","{1405, 1423, 1192}"
10187,True,19393,102,91,"{1170, 1466}","{1018, 1083}"
11044,True,21531,109,102,"{1384, 1208}","{1393, 1426}"
10057,False,16876,94,103,"{1458, 1456, 1448, 1465}",{1368}
10179,True,20028,102,93,"{1037, 1046}","{1519, 1433}"
10953,True,15005,114,108,"{1429, 1233}","{1152, 1358}"
11089,False,18055,99,102,"{1105, 1353}","{1512, 1180}"
10594,False,22056,77,83,"{1394, 1397}","{1007, 1037}"
11146,True,19060,114,109,"{1018, 1057}","{1383, 1285}"
10692,True,15244,103,83,"{1001, 1395, 1096, 1086}","{1406, 1347, 1233}"
10866,False,17317,107,117,"{1393, 1426}","{1018, 1029, 1063}"
11028,True,21856,92,85,"{1113, 1208}","{1173, 1519, 1433}"
10025,False,18142,92,112,{1344},"{1340, 1418}"
10199,True,16680,122,116,"{1456, 1448, 1465}",{1408}
10647,True,19596,122,110,{},{}
10436,True,18319,88,84,{1391},"{1480, 1351}"
10390,False,19600,94,108,"{1360, 1358, 1271}","{1388, 1146, 1446}"
10955,False,15237,104,118,"{1520, 1165}","{1391, 1143}"
10687,False,13337,123,126,"{1235, 1431}","{1404, 1316}"
10585,True,16248,106,101,"{1383, 1161, 1178}","{1238, 1233}"
11139,False,19213,102,115,"{1520, 1165}","{1015, 1082}"
10911,True,18624,105,104,"{1405, 1215}","{1006, 1019}"
10762,True,18165,112,104,"{1015, 1074}","{1392, 1341}"
10430,False,16788,83,108,"{1339, 1438}","{1386, 1351}"
10751,False,20562,103,104,{1249},"{1405, 1423}"
11092,True,17165,104,101,"{1015, 1082}","{1391, 1267}"
11070,True,19812,106,94,"{1019, 1077, 1447}","{1384, 1208}"
10941,True,16742,99,91,"{1015, 1082}","{1386, 1480}"
10776,False,14103,89,103,"{1392, 1341}","{1171, 1307}"
10070,False,19635,94,108,"{1046, 1047}","{1401, 1416}"
10736,False,20385,90,93,"{1031, 1084}","{1360, 1358}"
10094,True,19600,96,76,"{1210, 1436}","{1388, 1171}"
11149,False,16117,78,88,"{1235, 1339}","{1021, 1054}"
10575,True,19812,120,114,{1019},"{1423, 1437}"
10402,False,14552,85,100,"{1309, 1422}","{1414, 1339}"
10994,True,19911,94,85,"{1173, 1519, 1433}",{1150}
11229,True,17399,109,98,"{1153, 1157, 1110}","{1055, 1071, 1075}"
10724,True,18203,114,98,"{1404, 1316}","{1383, 1178}"
11072,True,17070,101,90,"{1055, 1071, 1075}","{1347, 1233, 1262}"
10685,True,13712,110,97,"{1392, 1341}","{1520, 1165}"
10639,True,20562,115,102,{1415},"{1018, 1029}"
10304,True,15481,104,84,"{1129, 1416}","{1409, 1341}"
11096,False,21761,100,102,"{1384, 1208}","{1055, 1071, 1075}"
10097,False,19393,103,120,"{1336, 1466}","{1409, 1341}"
10652,True,19800,101,81,"{1388, 1428, 1435}","{1360, 1201, 1271}"
10698,False,21012,106,114,"{1392, 1341}",{1415}
11062,True,12151,113,104,"{1235, 1339}","{1393, 1426}"
10893,True,18997,107,101,"{1490, 1117}","{1309, 1167}"
10976,True,19596,123,116,"{1202, 1418}","{1105, 1353}"
10549,True,19010,120,105,"{1067, 1075}","{1394, 1397}"
10053,False,20034,91,102,"{1037, 1046}","{1388, 1428}"
10957,False,17317,111,120,"{1393, 1426}",{1150}
11220,False,20562,110,112,"{1441, 1150}","{1486, 1112}"
10264,False,16020,104,113,"{1448, 1465}","{1001, 1096}"
10003,True,18624,112,95,"{1405, 1367, 1215}","{1520, 1345, 1447}"
11050,False,15868,97,103,"{1105, 1353}","{1001, 1016, 1024, 1263, 1086}"
10248,False,18997,103,107,"{1387, 1189}","{1015, 1082}"
10870,False,18240,94,104,{1391},"{1386, 1219}"
10814,True,20100,137,105,"{1382, 1466}","{1202, 1421}"
10714,False,18997,82,101,"{1306, 1427}","{1129, 1207}"
10468,False,17523,87,93,"{1338, 1141}","{1400, 1407}"
10399,True,19812,107,91,{1019},"{1394, 1113}"
10453,True,18624,100,91,"{1149, 1423}",{1006}
10520,False,15082,101,107,"{1035, 1071}",{1019}
10722,False,17283,106,111,"{1074, 1082}",{1415}
10568,False,20347,107,110,"{1037, 1047}",{1150}
10027,False,18846,136,139,{1368},"{1404, 1432}"
11114,False,16401,105,109,"{1001, 1016, 1024, 1086}","{1338, 1141, 1337}"
10308,False,15715,93,111,"{1448, 1465}","{1423, 1192}"
10841,True,19393,112,104,"{1382, 1466}","{1309, 1167}"
10148,True,19812,95,87,{1019},"{1456, 1448, 1465}"
10883,True,17680,100,95,"{1215, 1367}","{1173, 1519, 1433}"
10434,True,15879,100,91,"{1383, 1153, 1279}","{1395, 1096, 1070}"
11115,True,15733,105,94,"{1124, 1347, 1429}","{1105, 1353}"
10682,False,17664,83,85,"{1035, 1075}","{1018, 1029}"
11194,True,18442,130,110,"{1391, 1267}","{1387, 1241}"
10467,False,20356,91,108,"{1383, 1153, 1279}","{1029, 1083}"
11162,True,19800,96,90,"{1388, 1171}","{1136, 1416}"
10140,True,18717,108,105,"{1396, 1347}","{1400, 1407, 1441}"
10684,True,20562,115,93,{1415},"{1105, 1116}"
10590,True,18418,99,95,"{1386, 1351}",{1150}
10578,True,15334,107,84,"{1129, 1416}","{1055, 1075}"
10775,True,20562,120,100,{1249},"{1393, 1426}"
11039,False,19812,80,88,"{1077, 1447}","{1393, 1426}"
10748,True,17225,102,96,"{1035, 1071}","{1015, 1074}"
10293,False,16203,103,109,"{1414, 1339}","{1382, 1466}"
10864,True,19812,108,95,"{1006, 1019}",{1354}
10573,True,16867,106,101,"{1238, 1233}","{1394, 1397}"
10683,True,18108,111,103,"{1423, 1437}","{1338, 1224}"
10734,False,13311,100,114,"{1309, 1167, 1422}","{1015, 1074}"
10915,False,18997,77,106,"{1117, 1151, 1189}","{1055, 1071}"
10096,True,18203,124,103,"{1404, 1429}",{1408}
10584,False,17317,97,109,"{1393, 1426}",{1465}
10353,True,18203,104,98,"{1404, 1297}","{1519, 1433}"
10289,True,17318,120,113,"{1391, 1330}","{1252, 1393}"
10055,False,18997,109,120,"{1387, 1440}","{1338, 1337}"
10121,False,19393,101,113,"{1382, 1466}","{1325, 1492}"
10719,True,15455,112,97,"{1035, 1071}","{1031, 1047}"
10469,False,18211,115,121,{1391},"{1030, 1071}"
10529,True,18203,112,94,"{1404, 1429}","{1395, 1096, 1086}"
10412,True,18236,102,95,"{1391, 1179}","{1401, 1416, 1129}"
10130,True,16797,107,103,"{1015, 1082}","{1339, 1132}"
10400,True,18203,118,78,"{1404, 1297}","{1306, 1294}"
10824,True,20194,129,103,"{1037, 1046}","{1495, 1520}"
10182,False,18997,91,102,"{1387, 1440}","{1388, 1428}"
10928,False,20356,99,100,"{1494, 1284}","{1015, 1082}"
10849,False,19060,81,87,"{1018, 1029, 1063}",{1338}
11099,False,17133,87,101,"{1001, 1016, 1024, 1086}","{1131, 1219}"
10154,False,11555,86,92,"{1520, 1420, 1447}","{1037, 1046}"
10229,True,17306,116,114,"{1391, 1344}","{1520, 1420, 1447}"
10303,False,21337,101,103,"{1394, 1397}","{1193, 1372}"
10833,False,20562,88,96,{},"{1392, 1341}"
10595,False,15406,95,98,"{1338, 1337}","{1163, 1271}"
10742,True,19461,85,81,"{1173, 1519}","{1338, 1224}"
10785,True,13215,112,111,"{1406, 1233}","{1423, 1437}"
10203,True,19777,95,78,"{1073, 1295}",{1019}
10571,True,18997,95,91,"{1490, 1440}",{1465}
10488,True,19380,109,96,"{1173, 1519, 1120}","{1382, 1104}"
10889,True,15096,116,108,"{1383, 1279, 1284}",{1520}
11026,True,19800,105,91,"{1171, 1307}","{1180, 1410}"
10339,False,17028,96,106,"{1193, 1372}","{1382, 1466}"
10054,False,13325,82,94,"{1409, 1341}","{1015, 1082}"
10894,True,19654,129,111,"{1152, 1358}","{1125, 1208}"
10651,False,18083,116,120,"{1368, 1443}","{1129, 1416}"
11136,True,19911,98,85,"{1173, 1519, 1433}","{1235, 1339}"
10470,True,18119,99,90,"{1395, 1096, 1086}","{1271, 1073, 1300}"
11066,False,18807,101,122,"{1383, 1494}","{1055, 1071, 1075}"
10556,True,11343,95,92,"{1338, 1130, 1224}","{1129, 1416}"
10665,False,21720,84,89,"{1394, 1208}","{1360, 1271, 1164}"
11211,False,18575,93,99,{1341},"{1152, 1358, 1300}"
11141,True,18418,102,95,"{1386, 1492}","{1388, 1171, 1115}"
10723,False,15210,95,110,"{1457, 1465}","{1001, 1395, 1096}"
10452,False,19911,104,109,"{1519, 1120}","{1029, 1083}"
10872,False,17338,110,112,"{1456, 1465}","{1235, 1339}"
10312,True,13319,110,105,"{1309, 1422}","{1391, 1267, 1330}"
10786,False,19812,108,111,{1019},"{1383, 1284}"
10614,True,17460,98,81,"{1055, 1075}","{1114, 1443}"
11068,True,17517,92,84,"{1015, 1082}","{1499, 1456, 1457}"
11222,True,19596,125,104,"{1467, 1418}","{1016, 1024, 1086}"
10158,True,18442,104,99,"{1409, 1341}","{1400, 1407, 1441}"
10527,False,12059,74,78,"{1414, 1438}","{1338, 1137}"
10102,True,19060,94,92,"{1018, 1083}","{1001, 1096}"
10610,False,18997,95,112,"{1490, 1427}","{1391, 1344}"
10275,False,20356,104,108,"{1383, 1279}","{1306, 1387}"
10081,True,16578,92,87,{1106},"{1388, 1428}"
10091,True,18418,114,94,"{1386, 1492}","{1401, 1416}"
10448,False,18846,101,108,{1443},"{1358, 1271, 1073}"
10601,True,17052,114,86,"{1055, 1075}","{1309, 1167, 1422}"
10739,False,10429,86,124,"{1495, 1520}","{1035, 1071}"
10557,True,18133,107,103,"{1391, 1330, 1344, 1179}","{1015, 1082}"
10155,True,18055,120,101,{1369},"{1117, 1440}"
10932,False,17291,100,109,"{1001, 1024, 1086}","{1105, 1353}"
10695,False,15146,113,117,"{1383, 1178}","{1338, 1166}"
10550,True,16406,103,89,"{1392, 1341}","{1309, 1167, 1422}"
11009,False,17086,108,123,"{1393, 1231}","{1499, 1456, 1457, 1465}"
10577,True,17732,110,104,"{1309, 1167, 1422}",{1019}
10168,True,18203,110,103,"{1102, 1404}","{1456, 1448, 1465}"
10937,True,15912,108,103,"{1328, 1416}","{1235, 1339}"
10630,True,19621,106,94,"{1022, 1051}","{1235, 1414}"
10180,False,12264,107,114,"{1338, 1337}",{1408}
10643,True,17019,91,88,"{1393, 1426}","{1035, 1055}"
10047,True,17224,110,105,"{1143, 1344}","{1404, 1429}"
10456,False,17317,94,98,"{1252, 1426}","{1209, 1104}"
10896,True,18624,116,93,"{1215, 1367}","{1382, 1466}"
10324,True,17637,107,104,"{1193, 1157}","{1368, 1443}"
10345,True,21605,98,94,"{1394, 1397}","{1459, 1465}"
10945,False,14093,91,116,"{1235, 1339}","{1131, 1219}"
10645,False,12809,86,108,"{1309, 1167, 1422}","{1173, 1519}"
11134,False,17345,99,106,"{1105, 1353}","{1383, 1278}"
11174,False,18227,115,124,"{1391, 1267}","{1105, 1353}"
10876,True,17156,87,76,"{1055, 1071, 1075}","{1328, 1416}"
10740,False,17317,102,107,"{1393, 1426}","{1394, 1208}"
10823,True,23143,126,115,"{1125, 1208}","{1490, 1387}"
10337,False,17239,76,111,"{1368, 1443}","{1400, 1407}"
10333,True,12533,111,108,"{1338, 1337}","{1414, 1339}"
10664,True,19800,112,94,"{1388, 1428, 1435}","{1018, 1029}"
11013,False,15104,94,101,"{1015, 1044}","{1171, 1146}"
10884,True,20562,100,96,{1150},"{1015, 1082}"
10115,True,19805,118,108,"{1046, 1054}","{1018, 1083}"
10159,True,19596,115,110,"{1275, 1418}","{1388, 1428}"
10847,True,13429,111,91,"{1392, 1341}",{1520}
10455,True,18203,122,112,"{1404, 1297}","{1338, 1141}"
10287,True,17255,109,106,"{1383, 1161, 1279}","{1193, 1372}"
11191,False,19733,105,106,"{1382, 1170}","{1235, 1339}"
10331,True,17317,99,97,"{1252, 1393}",{1019}
10667,False,10280,105,119,"{1338, 1224}","{1035, 1075}"
10348,True,14858,118,96,"{1409, 1341}","{1015, 1082, 1087}"
11083,False,15544,91,115,"{1124, 1347, 1429}","{1401, 1416}"
10857,False,16145,106,116,"{1105, 1353}","{1309, 1167}"
10991,True,18203,128,94,"{1404, 1297, 1234}","{1382, 1466}"
11012,True,21513,118,102,"{1113, 1208}","{1309, 1167}"
10783,True,19596,123,110,"{1202, 1421}","{1143, 1344}"
10891,True,19546,121,108,"{1021, 1046}",{1226}
10777,True,18165,89,87,"{1015, 1074, 1082}","{1177, 1427}"
10555,True,19911,98,83,"{1173, 1519}","{1271, 1436, 1073}"
11065,True,18418,112,88,"{1386, 1492}",{1152}
10300,True,16022,95,93,"{1001, 1096}","{1193, 1372}"
10123,True,19600,92,91,"{1210, 1142}","{1519, 1120}"
11006,True,19596,121,85,"{1202, 1221, 1418}","{1019, 1447}"
10005,True,18434,92,87,"{1403, 1409}","{1519, 1363, 1283}"
10552,False,18058,99,105,"{1368, 1443}","{1383, 1153, 1178}"
10729,True,18997,119,115,"{1490, 1427}","{1235, 1339}"
10105,True,20562,118,114,"{1407, 1441}","{1519, 1363}"
10252,False,19800,102,107,"{1388, 1146, 1446}","{1193, 1372}"
10318,True,17318,105,100,"{1405, 1192}","{1394, 1397}"
11207,True,18203,112,79,"{1297, 1510}","{1387, 1241}"
10284,True,16963,102,95,"{1409, 1341}","{1406, 1233}"
10265,True,20510,103,91,"{1520, 1420, 1447}","{1387, 1440}"
10623,False,17236,98,108,"{1383, 1278, 1178}","{1382, 1466}"
10063,True,14022,100,98,"{1015, 1082}","{1423, 1192, 1367}"
10206,True,18418,98,84,"{1107, 1386}",{1105}
10867,True,19800,99,97,"{1388, 1171}",{}
10638,True,17008,106,87,"{1383, 1278, 1178}","{1360, 1271}"
10422,True,17575,107,100,"{1030, 1075}","{1392, 1341}"
10522,True,20059,117,116,"{1007, 1047}","{1393, 1426}"
10615,True,17459,124,119,"{1129, 1416}","{1173, 1519}"
10465,True,18493,101,95,"{1480, 1131}","{1339, 1438}"
10599,True,16876,109,107,{1465},"{1129, 1416}"
10112,True,15597,106,98,"{1030, 1075}","{1456, 1448, 1465}"
10502,True,17317,142,119,"{1393, 1426}","{1105, 1408}"
10632,False,18997,93,112,"{1490, 1427}","{1393, 1426}"
10989,True,18226,130,81,"{1391, 1143}","{1001, 1016, 1024, 1086}"
10299,True,20228,111,91,"{1409, 1341}","{1306, 1387}"
10602,False,18288,92,105,"{1129, 1416}","{1406, 1233}"
10173,True,18741,93,89,"{1519, 1433}","{1388, 1428}"
11148,False,15768,98,102,"{1124, 1347, 1429}","{1208, 1156}"
10245,True,12823,87,83,"{1422, 1491}","{1409, 1341}"
10169,True,16048,104,101,{1443},"{1235, 1339}"
10850,True,18119,128,119,"{1001, 1024}","{1490, 1440}"
10856,False,19189,114,130,{1354},"{1202, 1421}"
10137,True,19596,107,99,"{1304, 1418}","{1422, 1491}"
10460,True,19596,122,103,"{1205, 1418}","{1252, 1426}"
10509,False,17793,75,97,"{1383, 1153, 1279}","{1271, 1073}"
11144,True,19596,136,111,"{1221, 1418}","{1382, 1170}"
10321,False,13411,92,93,"{1409, 1341}","{1001, 1096}"
10263,False,10694,93,96,"{1414, 1339}","{1368, 1443}"
10380,True,18418,114,95,"{1131, 1351}","{1383, 1153, 1279}"
10200,True,18203,117,114,"{1102, 1404}","{1037, 1047}"
10356,False,15039,88,100,"{1030, 1075}","{1358, 1271, 1073}"
10770,False,19812,96,101,"{1019, 1077}","{1338, 1224}"
10569,False,14273,99,109,"{1392, 1341}","{1386, 1480}"
10743,False,20356,121,134,"{1383, 1178}","{1202, 1421}"
10905,True,18418,97,81,"{1386, 1219}","{1392, 1341}"
10004,False,17732,100,115,"{1422, 1491}","{1394, 1397}"
10375,True,14824,107,81,"{1015, 1082}","{1037, 1047}"
11060,True,19596,114,98,"{1202, 1221}","{1018, 1029, 1083}"
10461,True,18165,93,87,"{1015, 1082}","{1030, 1071}"
10974,False,20459,105,112,"{1021, 1046}","{1015, 1082}"
10977,True,16518,103,92,"{1429, 1233}","{1499, 1456, 1465}"
10788,False,14262,90,109,"{1309, 1167}","{1395, 1024, 1096}"
10842,True,18132,117,114,"{1173, 1519}","{1391, 1344, 1329}"
10164,True,13008,103,97,"{1011, 1076}","{1393, 1426}"
10464,False,18319,97,101,"{1105, 1157}","{1400, 1415}"
10369,True,17317,107,97,"{1252, 1393, 1154}",{1391}
10230,True,18165,104,92,"{1015, 1082}","{1384, 1394}"
10669,True,15779,108,102,"{1001, 1395, 1096}","{1368, 1443}"
11165,True,20108,88,86,"{1021, 1054}","{1391, 1267}"
10542,True,16409,96,95,"{1238, 1233}","{1037, 1047}"
11128,True,19244,100,91,"{1401, 1416}","{1520, 1165}"
10241,True,20019,108,96,"{1348, 1466}","{1387, 1189}"
10897,True,20096,117,107,"{1338, 1141}","{1427, 1189}"
10750,False,19147,95,98,"{1401, 1129}","{1360, 1358, 1073}"
10943,True,13305,110,94,"{1338, 1141}",{1019}
10671,False,16991,128,129,"{1393, 1426}","{1129, 1416}"
10068,True,17721,102,99,"{1383, 1444}","{1386, 1492}"
11064,True,19819,109,103,"{1170, 1466}","{1021, 1054}"
10378,True,18203,106,90,"{1404, 1297}","{1382, 1466}"
10420,False,15552,90,104,"{1520, 1345, 1296}","{1395, 1096, 1070}"
10120,False,12744,103,119,"{1520, 1420, 1447}","{1171, 1260}"
10644,True,18624,110,101,"{1405, 1423, 1437}","{1394, 1208}"
10429,True,15754,113,100,"{1238, 1233}","{1520, 1296}"
11058,True,10684,104,103,"{1338, 1141}","{1520, 1165}"
10365,True,18418,118,81,"{1325, 1351}","{1519, 1433}"
11055,True,18624,91,79,"{1512, 1180, 1367}","{1171, 1230}"
10175,False,19528,117,124,"{1018, 1083}","{1275, 1418}"
10598,True,15144,108,101,"{1406, 1233}","{1055, 1075}"
10059,True,14044,101,87,"{1040, 1075}","{1422, 1491}"
10281,False,19247,94,103,"{1519, 1433}","{1368, 1443}"
11046,True,20562,124,91,{1150},"{1338, 1141}"
10659,True,19728,121,103,"{1382, 1466}","{1490, 1427}"
10538,True,17386,118,115,"{1393, 1426}","{1490, 1440}"
10397,True,18212,107,97,"{1391, 1179}","{1018, 1083}"
10226,True,18624,111,78,"{1423, 1192}","{1383, 1444}"
11152,False,17279,86,101,"{1105, 1353}","{1173, 1519, 1433}"
10273,True,19812,99,87,{1006},"{1520, 1420, 1447, 1165}"
10661,True,16019,116,106,"{1309, 1167, 1422}","{1404, 1297}"
11150,False,19812,87,92,"{1013, 1077, 1447}","{1015, 1082}"
11048,True,16155,91,75,"{1015, 1082}","{1520, 1165}"
10802,True,19410,105,86,"{1029, 1063}","{1386, 1219}"
10451,True,18420,101,86,"{1131, 1219}","{1338, 1141}"
10803,True,12415,103,89,"{1383, 1385, 1178}","{1173, 1519, 1433}"
11038,True,17407,109,105,"{1499, 1456, 1457, 1465}","{1018, 1029}"
11024,False,18046,103,109,{1106},{1150}
10796,False,12501,110,114,"{1495, 1520}","{1393, 1426}"
10543,False,16768,99,125,"{1414, 1438}","{1400, 1415}"
10621,True,19812,119,113,{1019},"{1495, 1520}"
10839,False,15721,110,114,{1338},"{1393, 1426}"
10672,False,18783,92,95,"{1173, 1519}","{1392, 1341}"
10413,False,19415,99,100,"{1018, 1083}","{1404, 1297}"
10109,True,17128,120,105,"{1458, 1456, 1448, 1465}","{1037, 1046}"
10051,False,18094,100,107,"{1520, 1345, 1447}","{1407, 1441}"
10037,False,20356,110,117,"{1383, 1444}",{1006}
10426,True,19596,103,85,"{1205, 1418}","{1519, 1120}"
10741,True,18418,110,97,"{1386, 1131}","{1457, 1465}"
11170,True,19393,120,115,"{1382, 1170}","{1297, 1316}"
10845,True,20562,114,103,{},"{1328, 1416}"
10446,False,15076,88,102,"{1339, 1438}","{1015, 1082}"
10972,True,17515,95,83,"{1055, 1071, 1075}","{1001, 1016, 1024, 1086}"
10875,False,18863,96,98,"{1173, 1519, 1433}","{1309, 1167}"
10131,True,16919,101,100,"{1001, 1096}","{1170, 1466}"
10010,False,18717,97,122,"{1396, 1335, 1160}",{1006}
10530,False,18846,86,95,"{1368, 1443}","{1015, 1082}"
10466,True,19911,95,91,"{1173, 1519, 1120}","{1520, 1296}"
10763,False,18119,110,114,"{1001, 1395, 1096}","{1021, 1031}"
10002,True,19596,111,95,"{1467, 1418}","{1458, 1456, 1465}"
10360,True,12022,114,108,"{1338, 1137, 1337}","{1391, 1267}"
10237,False,17317,91,101,"{1349, 1393}","{1225, 1339}"
10445,False,16329,90,111,"{1238, 1233}","{1435, 1146}"
10567,True,19596,111,103,"{1418, 1421}","{1271, 1073}"
11198,False,19812,89,93,"{1013, 1077, 1447}","{1276, 1446}"
10589,False,14063,111,115,"{1495, 1520}","{1394, 1113}"
10848,True,16018,108,105,"{1015, 1074, 1082}","{1006, 1019}"
10233,False,19812,78,97,{1019},"{1201, 1073, 1295}"
10364,True,19231,105,101,"{1382, 1466}","{1449, 1465}"
10038,False,17461,87,95,"{1423, 1367}","{1325, 1492}"
10526,False,19987,90,98,"{1271, 1436, 1073}",{1019}
11213,True,19147,110,84,"{1017, 1018}","{1016, 1024, 1086}"
10385,False,18624,101,109,"{1423, 1192}","{1030, 1075}"
10494,False,18624,97,100,"{1405, 1423, 1437}","{1309, 1422}"
10735,True,19189,106,97,"{1401, 1129}",{1249}
10219,False,14120,118,129,"{1396, 1406}","{1349, 1393}"
10183,True,17555,96,84,"{1001, 1096}","{1245, 1391, 1344}"
10987,False,15686,96,107,"{1401, 1416}","{1021, 1046}"
10220,True,14289,99,95,"{1225, 1339}","{1011, 1071}"
10019,False,19812,101,112,{1006},"{1050, 1067}"
10079,False,16983,115,121,"{1456, 1448, 1465}","{1067, 1075}"
10196,False,17689,105,118,"{1338, 1166, 1337}","{1418, 1439}"
10349,True,18456,126,97,"{1391, 1267}","{1306, 1151}"
11153,True,15176,103,90,"{1055, 1071, 1075}","{1105, 1353}"
10908,True,19596,121,106,"{1202, 1418}",{1404}
10042,True,19600,109,89,"{1360, 1436}","{1143, 1344}"
10501,False,14107,85,95,"{1339, 1438}","{1406, 1233}"
10171,False,17377,97,103,{1353},"{1394, 1156}"
10916,True,17188,94,88,"{1001, 1024, 1086}","{1173, 1519, 1433}"
11121,True,20562,107,87,{1415},"{1309, 1167}"
10301,True,18203,98,95,"{1404, 1297}","{1252, 1393}"
10125,True,17204,118,104,{1408},"{1018, 1083}"
10636,False,18783,98,104,"{1382, 1466}","{1035, 1075}"
11135,False,17317,106,112,"{1247, 1393, 1098}",{1152}
11043,True,18624,107,96,"{1512, 1180}",{1106}
11074,True,19596,128,120,"{1202, 1221, 1418}","{1021, 1054}"
10103,False,13879,88,111,"{1520, 1345, 1447}","{1394, 1357}"
10354,True,16919,108,101,"{1372, 1408}","{1414, 1339}"
11145,True,18462,118,110,"{1391, 1267}","{1404, 1297}"
10129,True,16113,107,98,"{1338, 1337}","{1391, 1330, 1344}"
10758,True,18450,108,104,"{1401, 1129}","{1383, 1178}"
10116,True,9403,103,102,"{1338, 1337}","{1124, 1347}"
10519,False,17912,91,93,"{1173, 1519, 1120}",{1391}
11156,True,19537,103,81,"{1018, 1057}","{1387, 1427}"
10280,False,19800,105,106,"{1146, 1446}","{1338, 1227, 1337}"
10048,True,19060,102,96,"{1018, 1083}",{1301}
10827,False,18203,92,115,{1404},{}
10279,False,18660,97,114,"{1212, 1393}","{1423, 1192}"
10548,False,17064,88,97,"{1383, 1153, 1178}","{1324, 1171}"
10239,True,20339,92,81,"{1009, 1047}","{1338, 1337}"
10043,True,18203,117,93,"{1404, 1429}","{1338, 1337}"
10394,True,17227,104,88,"{1372, 1408}","{1449, 1465}"
10197,False,19060,80,91,"{1018, 1083}","{1388, 1146}"
10657,True,16980,116,99,"{1457, 1465}","{1406, 1233}"
10733,True,17297,102,95,"{1423, 1437}","{1392, 1341}"
10508,False,19800,113,115,"{1324, 1388}","{1394, 1397}"
10247,True,19060,107,99,"{1018, 1083}","{1339, 1132}"
10960,True,18418,109,101,"{1386, 1492}","{1384, 1208}"
10668,True,19596,120,90,"{1418, 1421}","{1386, 1131}"
10212,False,19393,88,93,"{1170, 1466}","{1384, 1394}"
11226,True,14889,144,109,"{1235, 1339}","{1471, 1499, 1456, 1457, 1465}"
10877,True,20289,128,101,"{1021, 1046}","{1235, 1339}"
