nowitdi01,84,245,1978-06-19,1999-02-05,9,1340,8333334
noahjo01,83,230,1985-02-25,2007-11-06,9,572,13400000
dukandu01,81,220,1991-12-04,2016-04-13,61,1,525093
marshke01,76,200,1991-08-19,2012-11-04,13,160,2144722
splitti01,83,245,1985-01-01,2010-11-01,28,347,8500000
novakst01,82,225,1983-06-13,2006-11-01,32,459,416886
johnsni01,75,202,1992-12-22,2014-11-01,42,28,845059
toupaax01,79,197,1992-07-23,2016-03-04,61,21,25000
haywago01,80,226,1990-03-23,2010-10-27,9,443,15409570
hillida01,78,205,1993-04-13,2015-11-23,38,38,525093
pressph01,71,175,1991-02-17,2013-10-30,61,148,111444
tollian01,80,240,1985-06-01,2008-11-07,61,455,3000000
augusdj01,72,183,1987-11-10,2008-10-30,9,573,3000000
montelu01,79,185,1993-04-06,2015-10-30,61,12,525093
johnsst04,79,245,1996-05-29,2015-10-27,8,73,2841960
greener01,76,185,1991-05-09,2014-11-07,46,52,99418
kaminfr01,84,242,1993-04-04,2015-10-28,9,81,2612500
holliry01,84,240,1984-10-10,2007-01-17,50,518,176375
brandel01,80,275,1979-03-11,1999-11-03,1,1058,890693
matthwe02,77,220,1986-10-14,2009-10-28,61,519,16400000
youngni01,79,210,1985-06-01,2007-10-31,16,576,5219169
collida01,72,175,1987-08-23,2009-10-28,21,495,5013559
geeal01,78,225,1987-05-29,2010-03-11,61,404,1375000
jamesle01,80,250,1984-12-30,2003-10-29,1,987,22971000
ennisja01,79,210,1990-07-01,2014-10-29,50,84,74564
farmajo01,74,180,1986-11-30,2006-10-31,26,502,191456
simmojo02,78,195,1989-09-14,2015-11-14,61,55,525093
davisan02,82,253,1993-03-11,2012-10-31,1,260,7070730
leeda02,81,245,1983-04-29,2005-11-06,30,750,2102224
wiggian01,80,199,1995-02-23,2014-10-29,1,163,5758680
babbilu01,81,225,1989-06-20,2010-11-01,16,263,1100000
gordoer01,76,215,1988-12-25,2008-10-29,7,417,15514031
bealbr01,77,207,1993-06-28,2012-10-30,3,247,5694674
oladivi01,76,210,1992-05-04,2013-10-29,2,224,5192520
iguodan01,78,215,1984-01-28,2004-11-03,9,900,11710456
irvinky01,75,193,1992-03-23,2011-12-26,1,309,14746000
shumpim01,77,220,1990-06-26,2011-12-25,17,294,9000000
vasqugr01,78,217,1987-01-16,2010-10-30,28,398,6600000
bullore01,79,205,1991-03-16,2013-10-29,25,116,1252440
hansbty01,81,250,1985-11-03,2009-11-06,13,428,1185784
tuckepj01,78,245,1985-05-05,2006-11-01,35,337,5500000
smithjr01,78,225,1985-09-09,2004-11-03,18,839,5000000
sloando01,75,205,1988-01-15,2012-01-11,61,218,1015421
jonesty01,74,195,1996-05-10,2015-11-10,24,37,1282080
blakest01,75,172,1980-02-26,2003-10-29,38,870,2170465
curryst01,75,190,1988-03-14,2009-10-28,7,495,11370786
ginobma01,78,205,1977-07-28,2002-10-29,57,923,2814000
bairsca01,81,250,1990-12-07,2014-10-29,49,36,845059
cottobr01,73,165,1992-08-11,2015-02-27,61,23,64622
mahinia01,83,250,1986-11-05,2007-10-30,28,438,4000000
boshch01,83,235,1984-03-24,2003-10-29,4,893,22192730
harride01,75,192,1983-02-27,2004-11-02,5,781,4053000
turnemy01,83,243,1996-03-24,2015-10-29,11,60,2357760
gasolma01,85,255,1985-01-29,2008-10-29,48,569,19700000
teaguje01,74,186,1988-06-10,2009-10-28,19,518,8000000
dejeabr01,78,209,1992-08-21,2016-01-21,61,14,281659
teletmi01,81,242,1985-09-18,2012-11-05,61,244,5500000
webstma02,79,230,1986-12-04,2005-11-04,6,580,5613500
connapa01,77,206,1993-01-06,2015-10-30,41,34,525093
cartemi01,78,190,1991-10-10,2013-10-30,11,190,2399040
brownma02,75,190,1992-01-29,2014-11-22,44,109,845059
bonnema01,82,235,1980-04-05,2004-11-03,45,792,1499187
derozde01,79,221,1989-08-07,2009-10-28,9,521,9500000
lylestr01,82,234,1995-11-05,2015-10-28,12,80,2239800
pondequ01,79,220,1988-03-10,2010-11-06,26,279,3382023
lowryky01,73,196,1986-03-25,2006-11-01,24,653,12000000
harpeju01,82,225,1989-08-30,2011-12-26,32,19,99418
speigma01,82,255,1987-08-04,2008-10-31,16,571,3815000
waitedi01,76,225,1991-12-10,2012-10-30,4,289,5138430
cunnija01,76,195,1991-05-22,2012-10-31,24,84,57726
whiteha01,84,265,1989-06-13,2010-10-27,33,140,981348
powelno01,76,215,1993-05-25,2015-11-01,46,49,650000
bayleje01,75,200,1988-08-20,2008-10-28,11,510,3000000
townska01,84,244,1995-11-15,2015-10-28,1,82,5703600
bookede01,78,206,1996-10-30,2015-10-28,13,76,2127840
lillada01,75,195,1990-07-15,2012-10-31,6,321,4236287
dekkesa01,81,230,1994-05-06,2015-10-28,18,3,1646400
reedwi02,82,220,1990-05-16,2015-12-04,61,39,947276
willide01,75,200,1984-06-26,2005-11-02,3,781,5500000
ajincal01,86,248,1988-05-06,2008-10-30,20,254,4300000
antetth01,79,205,1992-07-17,2016-01-29,51,2,105888
greenge01,79,205,1986-01-26,2006-02-03,18,497,1356000
kellyry01,83,230,1991-04-09,2013-11-05,48,147,1724250
wrighbr03,82,210,1987-10-05,2007-11-06,8,372,5500000
hinriki01,76,190,1981-01-02,2003-11-07,7,879,2870000
chandty01,85,240,1982-10-02,2001-10-31,2,986,13000000
warretj01,80,230,1993-09-05,2014-11-09,14,87,2041080
porteot01,80,198,1993-06-03,2013-12-06,3,186,4662960
leeco01,77,200,1985-10-03,2008-11-03,22,600,5675000
looneke01,81,220,1996-02-06,2016-01-27,30,5,1131960
gordoaa01,81,220,1995-09-16,2014-10-28,4,125,4171680
jacksre01,75,208,1990-04-16,2011-12-31,24,351,14000000
hardati02,78,205,1992-03-16,2013-10-30,24,202,1304520
nurkiju01,84,280,1994-08-23,2014-10-29,16,94,1842000
kiddgmi01,79,232,1993-09-26,2012-11-02,2,202,6331404
valanjo01,84,265,1992-05-06,2012-10-31,5,283,4660482
leonaka01,79,230,1991-06-29,2011-12-26,15,324,16500000
lawsoty01,71,195,1987-11-03,2009-10-28,18,482,265058
harklma01,81,215,1993-05-11,2012-11-07,15,279,2894059
holmeri01,82,245,1993-10-15,2015-10-28,37,51,1050000
mickejo01,80,235,1994-07-09,2015-10-28,33,16,1200000
dawsobr01,78,225,1993-02-01,2015-12-28,56,6,525093
anderal01,78,220,1982-10-16,2005-11-12,61,300,4000000
robinna01,69,180,1984-05-31,2005-11-02,21,618,44000
cartevi01,78,220,1977-01-26,1999-02-05,5,1274,4088091
inglejo01,80,226,1987-10-02,2014-10-29,61,160,2250000
bledser01,73,190,1989-12-09,2010-10-27,18,352,13086957
fryech01,83,255,1983-05-17,2005-11-04,8,727,7807579
acyqu01,79,240,1990-10-06,2012-11-07,37,219,981348
stephal01,82,270,1987-08-07,2016-02-20,61,8,30888
allenla01,81,260,1989-02-04,2012-01-07,50,327,3700000
millemi01,80,218,1980-02-19,2000-10-31,5,1012,1499187
crawfja01,77,200,1980-03-20,2000-10-31,8,1100,5675000
vujacsa01,79,195,1984-03-08,2004-11-03,27,539,1356146
nealga01,76,210,1984-10-03,2010-10-27,61,350,2100000
serapke01,81,285,1989-12-07,2010-11-16,17,374,2800000
willima02,81,237,1986-06-19,2005-11-02,2,785,7000000
ellismo01,75,185,1985-10-26,2005-11-12,40,759,10300000
bargnan01,84,245,1985-10-26,2006-11-01,1,550,1362900
dedmode01,84,245,1989-08-12,2013-11-18,61,148,947278
eddieja01,79,218,1991-10-30,2015-12-26,61,26,561716
gallola01,74,200,1991-12-09,2015-01-07,61,127,845059
smithja02,84,245,1986-03-02,2007-10-31,20,489,4300000
olynyke01,84,238,1991-04-19,2013-10-30,13,203,2165160
afflaar01,77,210,1985-10-15,2007-11-01,27,648,8000000
beaslmi01,81,235,1989-01-09,2008-10-29,2,453,306527
hoodro01,80,206,1992-10-20,2014-10-29,23,129,1348440
harriga01,76,210,1994-09-14,2014-11-14,19,131,1587480
wilcocj01,77,195,1990-12-30,2014-12-03,28,44,1159680
gasolpa01,84,250,1980-07-06,2001-11-01,3,1055,7448760
clarkjo01,77,194,1992-06-07,2014-10-28,46,138,845059
millspa02,72,185,1988-08-11,2010-01-04,55,361,3578947
roziete01,74,190,1994-03-17,2015-10-28,16,39,1824360
breweco01,81,186,1986-03-05,2007-11-02,7,629,8200000
alexacl01,80,245,1995-11-16,2015-11-15,61,8,525093
arthuda01,81,235,1988-03-25,2008-10-29,27,443,2814000
terryja01,74,185,1977-09-15,1999-11-02,10,1285,1499187
sampsja02,81,214,1993-03-20,2014-10-29,61,147,285489
turneev01,79,220,1988-10-27,2010-10-27,2,469,3425510
josepco01,75,193,1991-08-20,2011-12-26,29,284,7000000
thompja02,83,250,1986-07-21,2008-10-29,12,588,328955
noelne01,83,228,1994-04-10,2014-10-29,6,142,3457800
johnswe01,79,215,1987-07-11,2010-10-27,4,429,1100600
jokicni01,82,250,1995-02-19,2015-10-28,41,80,1300000
plumlmi01,83,249,1988-09-01,2012-11-05,26,228,2109294
holidju01,78,185,1989-04-05,2013-04-03,61,121,947300
mcraejo01,78,185,1991-03-28,2016-01-29,58,22,61776
beverpa01,73,185,1988-07-12,2013-01-15,42,224,6500000
randoza01,81,260,1981-07-16,2001-10-30,19,984,9638555
prigipa01,75,185,1977-05-17,2012-11-02,61,270,981348
smithru01,72,165,1991-04-19,2014-11-04,47,27,816482
smartma01,76,220,1994-03-06,2014-10-29,6,128,3431040
willial03,80,260,1993-01-28,2016-03-17,61,10,114285
pattepa01,81,230,1989-03-14,2010-12-15,14,412,6268675
fredeji01,74,195,1989-02-25,2011-12-26,10,235,54812
moreler01,82,238,1991-12-24,2014-11-26,61,11,845059
hilarne01,83,250,1982-09-13,2002-10-30,7,804,13000000
grantje02,76,195,1992-10-09,2015-10-28,19,76,1572360
johnsor01,77,220,1989-03-11,2012-11-05,36,103,55722
marjabo01,87,290,1988-08-15,2015-10-30,61,54,1200000
duranke01,81,240,1988-09-29,2007-10-31,2,641,20158622
capelca01,82,240,1994-05-18,2014-11-06,25,89,1242720
willima01,73,198,1982-12-19,2003-11-01,47,818,2100000
thornma01,76,205,1987-06-05,2009-11-06,43,450,251107
huertma01,75,200,1983-05-25,2015-10-28,61,53,525093
nancela02,81,230,1993-01-01,2015-11-06,27,63,1155600
parkeja01,80,250,1995-03-15,2014-10-29,2,101,5152440
bartowi01,78,175,1991-01-06,2012-11-02,40,254,3333333
varejan01,82,273,1982-09-28,2004-11-04,30,613,458575
anderch01,82,245,1978-07-07,2001-11-23,61,683,5000000
muhamsh01,78,223,1992-11-13,2013-11-01,14,157,2056920
hunterj01,77,185,1993-10-24,2015-11-04,28,36,1148640
parsoch01,82,230,1988-10-25,2011-12-29,38,340,15361500
netora01,73,179,1992-05-19,2015-10-28,47,81,1000000
bassbr01,80,250,1985-04-30,2005-11-01,33,706,3000000
jonespe01,83,235,1991-09-24,2012-11-02,28,143,2038206
martija01,82,239,1994-05-24,2015-12-18,25,27,1230840
hezonma01,80,215,1995-02-25,2015-10-28,5,79,3741480
hensojo01,83,229,1990-12-28,2012-11-07,14,257,2943221
williel01,77,190,1989-06-20,2011-12-27,22,109,55722
hillso01,79,225,1991-03-18,2013-10-29,23,169,1358880
singlky01,80,228,1988-05-04,2012-10-31,33,312,5000000
stausni01,78,205,1993-10-07,2014-10-29,8,146,2869440
mbahalu01,80,230,1986-09-09,2008-10-28,37,541,1270964
chalmma01,74,190,1986-05-19,2008-10-29,34,580,4300000
hilljo01,82,235,1987-07-27,2009-10-28,8,402,4000000
hayesch01,78,240,1983-06-11,2006-01-18,61,644,83583
aldrila01,83,260,1985-07-19,2006-11-12,2,722,19500000
larkish01,71,175,1992-10-02,2013-11-18,18,202,1500000
woodch01,83,220,1995-09-27,2015-10-28,61,17,305789
bogdabo02,80,216,1989-04-18,2014-10-29,31,157,3425510
sacrero01,84,270,1989-06-06,2012-10-31,60,189,981348
barneha02,80,210,1992-05-30,2012-10-31,7,307,3873398
baynear01,82,260,1986-12-09,2013-01-25,61,220,6500000
brownan02,79,210,1992-10-10,2015-10-30,34,29,700000
motiedo01,84,222,1990-09-20,2012-11-10,20,214,2288205
evansty01,78,220,1989-09-19,2009-10-28,4,433,11227000
youngth01,80,221,1988-06-21,2007-11-07,12,665,11200000
canaais01,72,201,1991-05-21,2013-12-25,34,146,947276
lopezro01,84,255,1988-04-01,2008-10-29,15,547,13000000
feliccr01,82,275,1992-07-07,2015-11-09,61,31,525090
hasleud01,80,235,1980-06-09,2003-10-28,61,814,2854940
griffbl01,82,251,1989-03-16,2010-10-27,1,410,18907725
pricero01,74,190,1983-06-21,2005-11-01,61,530,1499187
anthoca01,80,240,1984-05-29,2003-10-29,3,902,22875000
macksh01,75,203,1990-04-22,2011-12-26,34,275,2433333
brownlo01,77,189,1990-08-26,2013-11-20,52,63,111444
dragigo01,75,190,1986-05-06,2008-10-29,45,574,14780000
princta01,81,212,1980-02-28,2002-10-30,23,1017,1499187
napiesh01,73,175,1991-07-14,2014-10-29,24,106,1294440
vonleno01,82,240,1995-08-24,2014-11-15,9,103,2637720
cunnida01,80,230,1987-04-22,2009-11-08,33,512,3000000
monrogr01,83,265,1990-06-04,2010-10-30,7,457,16400000
pendeje02,81,240,1987-04-29,2009-12-22,31,237,317232
wroteto01,78,205,1993-04-13,2012-11-07,25,145,167406
artesro01,78,260,1979-11-13,1999-11-03,16,966,1499187
drumman01,83,279,1993-08-10,2012-10-31,9,304,3272091
robingl02,78,222,1994-01-08,2014-11-14,40,80,845000
blackta01,81,250,1991-11-22,2014-10-28,61,102,845059
zelleco01,84,240,1992-10-05,2013-10-30,4,217,4204200
bogutan01,84,260,1984-11-28,2005-11-01,1,644,12000000
budinch01,79,209,1988-05-22,2009-10-27,44,407,258082
piercpa01,79,235,1977-10-13,1999-02-05,10,1318,3400000
horfoal01,82,245,1986-06-03,2007-11-02,3,578,12000000
crowdja01,78,235,1990-07-06,2012-10-30,34,311,6000000
sefolth01,79,220,1984-05-02,2006-10-31,13,678,4000000
curryse01,74,185,1990-08-23,2014-01-05,61,48,947276
greenda02,78,215,1987-06-22,2009-11-12,46,402,10000000
applike01,73,185,1992-02-13,2016-01-18,61,5,161776
hibbero01,86,270,1986-12-11,2008-10-29,17,614,15500000
anderja01,78,213,1989-03-25,2010-10-27,20,247,1015421
hardeja01,77,220,1989-08-26,2009-10-28,3,534,15756438
covinro01,81,215,1990-12-14,2014-01-18,61,144,1000000
butleji01,79,220,1989-09-14,2012-01-01,30,323,15260000
martike02,79,199,1983-02-01,2004-11-02,26,714,317475
fraziti01,73,170,1990-11-01,2015-02-06,61,62,144157
nelsoja01,72,190,1982-02-09,2004-11-03,20,753,4500000
goudean01,75,200,1988-12-07,2011-12-25,46,49,200600
coleno01,74,175,1988-10-13,2011-12-25,28,347,3036927
blairde01,79,270,1989-04-22,2009-10-28,37,424,2000000
sullija01,81,260,1992-03-04,2012-10-30,21,258,2269260
okafoja01,83,275,1995-12-15,2015-10-28,3,53,4582680
mccolcj01,76,200,1991-09-19,2014-01-08,10,180,2525160
middlkh01,80,234,1991-08-12,2012-11-10,39,267,15000000
whittsh01,83,250,1991-03-27,2014-11-08,61,27,845059
mudiaem01,77,200,1996-03-05,2015-10-28,7,68,3102240
diawbo01,80,250,1982-04-16,2003-10-29,21,991,7000000
aminual01,81,220,1990-09-21,2010-10-27,8,459,7500000
ellinwa01,76,200,1987-10-29,2009-10-28,28,453,923670
anderky01,81,230,1993-09-20,2014-11-06,30,111,1142879
udrihbe01,75,205,1982-07-05,2004-11-03,28,792,2170465
huestjo01,79,230,1991-12-19,2016-03-24,29,5,1140240
pachuza01,83,270,1984-02-10,2003-11-05,42,891,5200000
caulewi01,84,240,1993-08-18,2015-10-28,6,66,3398280
georgpa01,81,220,1990-05-02,2010-10-27,10,373,17120106
batumni01,80,200,1988-12-14,2008-10-28,25,551,12235750
parketo01,74,185,1982-05-17,2001-10-30,28,1080,13437500
hamiljo02,79,220,1990-10-06,2012-01-25,26,151,119462
paulch01,72,175,1985-05-06,2005-11-01,4,773,21468696
paynead01,82,237,1991-02-19,2014-12-26,15,84,1938840
adamsst01,84,255,1993-07-20,2013-10-30,12,231,2279040
roberan03,79,210,1991-12-04,2013-11-01,26,177,1210800
willide02,80,240,1991-05-25,2011-12-26,2,376,4900000
obriejj01,79,228,1992-04-08,2016-01-16,61,2,105888
lauvejo01,83,220,1991-09-30,2015-02-22,55,83,1709720
redicjj01,76,190,1984-06-24,2006-11-25,11,612,6867000
johnsja01,81,250,1987-02-20,2009-10-30,16,398,2500000
mirotni01,82,220,1991-02-11,2014-10-29,23,148,5543725
bareajo01,72,185,1984-06-26,2006-11-04,61,660,4000000
westda01,81,250,1980-08-29,2003-10-29,18,893,1499000
noguelu01,84,241,1992-07-26,2014-11-21,16,35,1842000
lambje01,77,185,1992-05-30,2012-11-02,12,214,3034356
burksal01,78,214,1991-07-20,2011-12-27,12,259,9213484
rosede01,75,190,1988-10-04,2008-10-28,1,406,20093063
butleca01,79,228,1980-03-13,2002-10-30,10,881,1499187
millspa01,80,246,1985-02-10,2006-11-01,47,768,19000000
anthojo01,81,245,1982-08-09,2007-11-27,61,471,2500000
portibo01,83,230,1995-02-10,2015-11-03,22,62,1391160
paytoel01,76,185,1994-02-22,2014-10-28,10,155,2505720
gutiejo01,75,191,1988-12-27,2014-03-09,61,47,301444
duncati01,83,250,1976-04-25,1997-10-31,1,1392,5000000
antetgi01,83,222,1994-12-06,2013-10-30,15,238,1953960
pleisti01,87,256,1989-11-02,2015-10-30,31,12,3000000
booketr01,80,228,1987-11-25,2010-10-28,23,393,4775000
oubreke01,79,205,1995-12-09,2015-10-30,15,63,1920240
gibsota01,81,225,1985-06-24,2009-10-29,26,507,8500000
randlju01,81,250,1994-11-29,2014-10-28,7,82,3132240
vaughra01,78,202,1996-08-16,2015-10-28,17,70,1733040
fournev01,79,205,1992-10-29,2012-10-31,20,251,2288205
ilyaser01,82,235,1987-05-15,2006-11-01,36,527,7900000
smithgr02,82,250,1991-01-08,2012-02-19,61,149,247623
mcdankj01,78,205,1993-02-09,2014-10-29,32,99,3333333
jennibr01,73,170,1989-09-23,2009-10-30,10,460,8344497
mcadoja01,81,230,1993-01-04,2015-01-19,61,56,845059
pekovni01,83,307,1986-01-03,2010-10-27,31,271,12100000
rushbr01,78,220,1985-07-07,2008-10-29,13,434,1270964
robinth01,82,237,1991-03-17,2012-10-31,5,265,981300
tavarwa01,87,260,1992-03-22,2015-10-29,43,11,1000000
thomais02,69,185,1989-02-07,2011-12-26,60,365,6912869
youngjo01,74,180,1992-06-27,2015-10-28,43,41,1000000
hollajo02,77,205,1988-11-06,2016-04-19,61,0,9266
mcrobjo01,82,240,1987-02-28,2007-11-19,37,409,5543725
riverau01,76,200,1992-08-01,2012-10-31,10,273,3100000
howardw01,83,265,1985-12-08,2004-11-03,1,880,22359364
joneste01,81,252,1992-01-09,2012-11-10,18,178,2489530
millsel01,78,225,1987-08-12,2015-01-05,61,67,362878
casspom01,81,225,1988-06-22,2009-10-28,23,463,3000000
cabocbr01,81,218,1995-09-21,2014-11-21,20,14,1524000
mccontj01,74,200,1992-03-25,2015-10-28,61,81,525093
ezelife01,83,255,1989-10-21,2012-10-31,30,170,2008748
embiijo01,84,250,1994-03-16,2016-10-26,3,0,4626960
vucevni01,84,260,1990-10-24,2011-12-28,16,324,11250000
jenkijo01,76,215,1991-03-06,2012-11-11,23,141,981000
humphkr01,81,235,1985-02-06,2004-11-03,14,744,388025
farieke01,80,228,1989-11-19,2011-12-28,22,348,11235955
perkike01,82,270,1984-11-10,2003-12-13,27,781,1499200
leuerjo01,82,228,1989-05-14,2011-12-26,40,253,1035000
hicksjj01,81,242,1988-09-04,2008-10-30,19,534,366337
simshe01,82,248,1990-03-27,2013-03-04,61,135,161622
biyombi01,81,255,1992-08-28,2011-12-26,7,366,3000000
roberbr01,73,173,1985-12-03,2012-10-31,61,273,2854940
stokeja01,81,263,1994-01-07,2014-11-17,35,26,845059
clarkia01,75,175,1991-03-07,2013-11-01,61,119,947276
karasse01,79,208,1993-10-26,2013-11-02,19,95,1599840
mclembe01,77,195,1993-02-11,2013-10-30,7,232,3156600
landrca01,81,248,1983-09-19,2007-11-24,31,513,6500000
nichoan01,81,250,1989-12-08,2012-11-02,19,247,2380594
carrode01,80,215,1986-07-27,2009-10-28,27,342,13500000
bradlav01,74,180,1990-11-26,2010-11-22,19,358,7730337
mcculch01,83,200,1995-02-05,2016-02-08,29,24,1140240
wrighdo01,81,205,1985-12-02,2005-02-05,19,549,17637
jeffeal01,82,289,1985-01-04,2004-11-03,15,813,13833333
jonesda02,78,225,1980-12-27,2003-11-21,20,623,8819
meeksjo01,76,210,1987-08-21,2009-11-03,41,418,6270000
jeffeco01,81,218,1990-12-26,2014-10-29,60,58,421449
morroan01,77,210,1985-09-27,2008-11-09,61,515,3344000
westbru01,75,200,1988-11-12,2008-10-29,4,587,16744218
mooreet01,76,191,1989-02-28,2011-12-25,55,307,1015421
kaunsa01,83,260,1985-05-08,2015-10-28,56,25,1300000
weemsso01,78,205,1986-07-08,2009-01-17,39,183,2800000
villach01,83,232,1984-08-24,2005-11-02,7,656,1499187
johnsch04,78,206,1990-04-29,2013-01-23,61,147,981348
stephla01,77,230,1990-09-05,2011-02-27,40,340,9000000
livinsh01,79,192,1985-09-11,2004-11-03,4,622,5543725
greenje02,81,235,1986-08-28,2007-10-31,5,636,9200000
burketr01,73,191,1992-11-12,2013-11-20,9,210,2658240
conlemi01,73,175,1987-10-11,2007-11-07,4,637,9588426
clarkco01,79,232,1992-07-04,2016-03-15,61,3,61776
linje01,75,200,1988-08-23,2010-10-29,61,369,2100000
marblde01,78,200,1992-09-21,2014-10-28,56,44,845059
leoname01,85,245,1992-02-27,2012-10-31,11,225,3075880
hairspj02,78,230,1992-12-24,2014-11-04,26,111,1201440
obryajo01,81,257,1993-06-01,2014-12-17,36,100,845059
earlycl01,80,210,1991-04-17,2014-10-29,34,56,845059
mohamna01,82,221,1977-09-05,1999-02-05,29,1005,352750
wrighde01,77,183,1992-04-26,2015-11-01,20,27,1509360
richajo01,78,200,1993-09-15,2015-11-05,40,52,525093
butlera01,79,215,1979-05-23,2002-10-30,52,809,1499187
morrima03,81,235,1989-09-02,2011-12-26,14,337,5000000
thomptr01,81,238,1991-03-13,2011-12-26,4,388,14260870
dunlemi02,81,230,1980-09-15,2002-10-30,3,933,4500000
mccalra01,75,190,1991-06-12,2013-12-06,36,154,111444
smithis01,72,175,1988-07-05,2010-10-26,61,323,1100602
crabbal01,78,210,1992-04-09,2013-11-01,31,147,947276
porzikr01,87,240,1995-08-02,2015-10-28,4,72,4131720
lavinza01,77,189,1995-03-10,2014-10-30,13,159,2148360
hillge01,75,188,1986-05-04,2008-11-04,26,550,8000000
walkeke02,73,172,1990-05-08,2011-12-26,9,364,12000000
exumda01,78,190,1995-07-13,2014-10-29,5,82,3777720
pattela01,77,225,1991-08-12,2015-10-27,48,35,525093
favorde01,82,265,1991-07-15,2010-10-27,3,429,11933333
weberbr01,74,165,1992-12-29,2016-03-11,61,7,12355
lenal01,85,260,1993-06-16,2013-10-30,5,189,3807120
brookaa01,72,161,1985-01-14,2007-11-17,26,548,2000000
milescj01,78,225,1987-04-18,2005-11-14,34,639,4394225
winslju01,79,225,1996-03-26,2015-10-28,10,78,2481720
russeda01,77,195,1996-02-23,2015-10-28,2,80,5103120
jonesja02,80,218,1980-10-04,2003-12-26,49,661,1499000
dienggo01,83,241,1990-01-18,2013-11-01,21,215,1474440
kilpase01,76,210,1990-01-06,2015-03-19,61,35,99418
dellama01,76,198,1990-09-08,2013-11-02,61,215,1147280
wadedw01,76,220,1982-01-17,2003-10-28,5,855,20000000
barnema02,79,226,1980-03-09,2004-01-19,45,855,3542500
arizatr01,80,215,1985-06-30,2004-11-03,43,795,8193030
knighbr03,75,189,1991-12-02,2011-12-26,8,328,12000000
poweldw01,83,240,1991-07-20,2014-11-14,45,98,845059
morrima02,82,245,1989-09-02,2011-12-26,13,372,8000000
gayru01,80,230,1986-08-17,2006-11-01,8,723,12403101
davised01,82,240,1989-06-05,2010-12-01,13,435,7000000
payneca01,75,185,1994-08-08,2015-11-01,14,57,2021520
papanko01,80,225,1990-07-31,2014-10-28,48,69,350000
rubiori01,76,194,1990-10-21,2011-12-26,5,278,12365000
walljo01,76,195,1990-09-06,2010-10-28,1,422,15851950
chandwi01,80,225,1987-05-10,2007-11-13,23,445,10500000
gallida01,82,225,1988-08-08,2008-10-29,6,397,14000000
holidjr01,76,205,1990-06-12,2009-10-30,17,437,10595507
denglu01,81,220,1985-04-16,2004-11-05,7,823,10151612
bazemke01,77,201,1989-07-01,2012-11-09,61,278,2000000
douglto01,74,195,1986-03-16,2009-10-28,29,370,600000
anderju01,78,228,1993-11-19,2015-10-28,21,55,1449000
harremo01,80,240,1994-01-26,2015-10-28,32,39,1000000
harriaa01,78,210,1994-10-28,2015-11-20,61,21,525093
jerebjo01,82,231,1987-03-02,2009-10-31,39,410,5000000
collini01,82,255,1980-10-26,2004-11-03,12,875,3750000
oquinky01,82,250,1990-03-26,2012-11-02,49,242,3750000
rudezda01,82,228,1986-06-17,2014-10-29,61,101,1149500
youngja01,78,215,1995-08-16,2014-11-01,17,60,1749840
ibakase01,82,235,1989-09-18,2009-10-30,24,524,12350000
rondora01,73,186,1986-02-22,2006-11-01,21,645,9500000
mcderdo01,80,225,1992-01-03,2014-10-29,11,117,2380440
asikom01,84,255,1986-07-04,2010-10-27,36,422,11000000
smithjo03,81,225,1985-12-05,2004-11-03,17,891,1499000
loveke01,82,251,1988-09-07,2008-10-29,5,516,19500000
danietr01,76,205,1991-07-15,2014-03-05,61,95,947276
thompkl01,79,215,1990-02-08,2011-12-25,11,386,15500000
korveky01,79,212,1981-03-17,2003-10-28,51,964,5746479
rosste01,79,206,1991-02-05,2012-10-31,8,309,3553917
belinma01,77,210,1986-03-25,2007-10-30,18,570,6333333
bryanko01,78,212,1978-08-23,1996-11-03,13,1346,25000000
mozgoti01,85,275,1986-07-16,2010-10-27,61,369,4950000
johnsjo02,79,240,1981-06-29,2001-10-30,10,1143,414481
jefferi01,79,233,1980-06-21,2001-10-30,13,1082,1499000
harrito02,81,235,1992-07-15,2012-01-07,19,302,16000000
millean02,75,200,1976-03-19,1999-11-02,8,1304,396844
scottmi01,80,237,1988-07-16,2012-11-11,43,263,3333333
dudleja01,79,225,1985-07-10,2007-11-02,22,676,4250000
mayooj01,77,210,1987-11-05,2008-10-29,3,547,8000000
foyera01,76,213,1983-09-24,2006-11-01,7,683,3270000
couside01,83,270,1990-08-13,2010-10-27,5,415,14728844
kamanch01,84,265,1982-04-28,2003-10-30,6,735,5000000
adamsjo01,77,209,1994-07-08,2014-11-03,22,32,1404600
munfoxa02,74,180,1992-06-01,2016-03-17,61,14,89588
snellto01,79,200,1991-11-10,2013-10-29,20,213,1535880
feltora01,73,205,1984-06-26,2005-11-02,5,776,3950313
goberru01,85,245,1992-06-26,2013-10-30,27,188,1175880
zellety01,84,253,1990-01-17,2012-10-30,17,289,2616975
mcgarmi01,82,255,1992-06-06,2014-12-14,21,52,1463040
johnsam01,81,240,1987-05-01,2006-01-24,56,665,12000000
mcgeeja01,84,270,1988-01-19,2008-10-29,18,416,1270964
watsocj01,74,175,1984-04-17,2008-01-09,61,538,5000000
kanteen01,83,245,1992-05-20,2011-12-27,3,373,16400000
jackja01,75,200,1983-10-28,2005-11-02,22,803,6300000
garneke01,83,240,1976-05-19,1995-11-03,5,1462,8500000
dinwisp01,78,200,1993-04-06,2014-10-29,38,46,845059
evansje01,81,200,1987-10-24,2010-10-27,55,249,1100602
goodwar01,77,200,1994-08-17,2013-10-30,29,150,1160160
hawessp01,85,245,1988-04-28,2007-11-10,10,630,5543725
johnsty01,76,186,1992-05-07,2015-01-14,61,68,845059
witheje01,84,231,1990-03-07,2013-11-01,39,146,947276
amundlo01,81,220,1982-12-07,2007-02-24,61,428,1650000
chrisra01,81,250,1991-12-01,2016-04-13,36,1,1000000
barbole01,75,194,1982-11-28,2003-11-12,28,783,2500000
willilo02,73,175,1986-10-27,2005-11-02,45,701,7000000
hendege02,77,215,1987-12-09,2009-10-28,12,463,6000000
mejrisa01,85,245,1986-06-15,2015-10-28,61,34,525093
caldwke01,77,205,1993-02-18,2013-10-30,8,238,2891760
bjeline01,82,240,1988-05-09,2015-10-28,35,60,4000000
harrijo01,78,219,1991-09-07,2014-10-31,33,56,845059
greenja01,81,227,1990-06-21,2015-01-18,61,102,845059
lopezbr01,84,275,1988-04-01,2008-10-29,10,487,20000000
scolalu01,81,240,1980-04-30,2007-10-30,55,707,3000000
goodedr01,82,250,1981-09-24,2002-10-30,4,790,3300000
sessira01,75,190,1986-04-11,2008-03-09,56,613,2170465
plumlma01,83,245,1990-03-05,2013-11-03,22,234,1415520
greendr01,79,230,1990-03-04,2012-10-31,35,321,14300000
anderry01,82,240,1988-05-06,2008-10-29,21,484,8500000
aldrico01,83,250,1988-10-31,2010-10-31,11,256,1100600
allento01,76,213,1982-01-11,2004-11-03,25,727,5168539
stoudam01,82,245,1982-11-16,2002-10-30,9,846,1499187
holliro01,79,220,1995-01-03,2015-10-28,23,29,1335480
stuckro01,77,210,1986-04-21,2007-12-21,15,612,6500000
schrode01,73,172,1993-09-15,2013-10-30,17,206,1763400
gortama01,83,240,1984-02-17,2008-03-01,57,595,11217391
inglida01,80,246,1995-05-20,2015-10-28,31,20,855000
bennean01,80,245,1993-03-14,2013-10-30,1,128,947276
jordade01,83,265,1988-07-21,2008-11-01,35,592,19500000
koufoko01,84,265,1989-02-24,2008-11-01,23,502,7500000
grantje01,80,210,1994-03-12,2014-11-29,39,142,845059
copelch01,81,239,1984-03-17,2012-11-02,61,171,1100000
thomala01,80,235,1988-04-24,2011-12-28,61,227,1650000
ennisty01,75,194,1994-08-24,2014-10-29,18,79,1662360
muscami01,83,240,1991-07-01,2014-03-02,44,120,947276
caldejo01,75,200,1981-09-28,2005-11-02,61,748,7402812
thompho01,80,206,1991-04-03,2013-11-01,61,225,947276
templga01,78,195,1986-05-08,2010-02-09,61,309,1100602
